kỳ_0.jpg kỳ
xói_1.jpg xói
lùa_2.jpg lùa
dũng_3.jpg dũng
cầm_4.jpg cầm
Sue_5.jpg Sue
đận_6.jpg đận
cạch_7.jpg cạch
pơ_8.jpg pơ
lag_9.jpg lag
nghến_10.jpg nghến
DIỆN_11.jpg DIỆN
ba-ke-lit_12.jpg ba-ke-lit
KCS_13.jpg KCS
bè_14.jpg bè
cọp_15.jpg cọp
hảo_16.jpg hảo
phịu_17.jpg phịu
nứa_18.jpg nứa
Quý_19.jpg Quý
KHƯ_20.jpg KHƯ
THÂM_21.jpg THÂM
soảng_22.jpg soảng
cà-vạt_23.jpg cà-vạt
hen_24.jpg hen
Kpa_25.jpg Kpa
lùm_26.jpg lùm
bặc_27.jpg bặc
Tích_28.jpg Tích
đứa_29.jpg đứa
quăng_30.jpg quăng
bật_31.jpg bật
Pâu_32.jpg Pâu
roa_33.jpg roa
ba-zơ_34.jpg ba-zơ
nghía_35.jpg nghía
trẽn_36.jpg trẽn
quét_37.jpg quét
Khếnh_38.jpg Khếnh
túi_39.jpg túi
boong_40.jpg boong
nghệu_41.jpg nghệu
CỘNG_42.jpg CỘNG
beng_43.jpg beng
tenor_44.jpg tenor
sunfat_45.jpg sunfat
đờ_46.jpg đờ
chuếnh_47.jpg chuếnh
lóng_48.jpg lóng
CHẢY_49.jpg CHẢY
dâng_50.jpg dâng
Ty_51.jpg Ty
pa-pi-ê_52.jpg pa-pi-ê
xtê-rê-ô_53.jpg xtê-rê-ô
liệt_54.jpg liệt
Mác_55.jpg Mác
Ê_56.jpg Ê
Gió_57.jpg Gió
ca-bin_58.jpg ca-bin
cõng_59.jpg cõng
săn_60.jpg săn
Malaixia_61.jpg Malaixia
cổ_62.jpg cổ
vọt_63.jpg vọt
ộc_64.jpg ộc
trâu_65.jpg trâu
nàn_66.jpg nàn
XTiêng_67.jpg XTiêng
Benjamin_Rush_68.jpg Benjamin_Rush
berin_69.jpg berin
(xã)_70.jpg (xã)
vơ_71.jpg vơ
hiền_72.jpg hiền
mề_73.jpg mề
John_Brown_74.jpg John_Brown
Vẹ_75.jpg Vẹ
x-quang_76.jpg x-quang
thiên_77.jpg thiên
boóng_78.jpg boóng
trát_79.jpg trát
ré_80.jpg ré
oát_81.jpg oát
Quả_82.jpg Quả
mixta_83.jpg mixta
KỂ_84.jpg KỂ
CHỮ_85.jpg CHỮ
Đang_86.jpg Đang
NHANG_87.jpg NHANG
Nẫn_88.jpg Nẫn
pas_seul_89.jpg pas_seul
Đốc_90.jpg Đốc
lép-tốp_91.jpg lép-tốp
Quỹ_92.jpg Quỹ
thím_93.jpg thím
Logos_94.jpg Logos
phone_95.jpg phone
TRỊNH_96.jpg TRỊNH
ghe_97.jpg ghe
apacthai_98.jpg apacthai
muốn_99.jpg muốn
MAT_100.jpg MAT
Rựng_101.jpg Rựng
gạ_102.jpg gạ
sô-nát_103.jpg sô-nát
ươi_104.jpg ươi
nơ-tron_105.jpg nơ-tron
AMY_106.jpg AMY
Móoc_107.jpg Móoc
cafein_108.jpg cafein
sờm_109.jpg sờm
Chét_110.jpg Chét
flash_111.jpg flash
vóng_112.jpg vóng
dể_113.jpg dể
chặng_114.jpg chặng
miliampe_115.jpg miliampe
ạo_116.jpg ạo
Thàng_117.jpg Thàng
ngào_118.jpg ngào
mesơ_119.jpg mesơ
Khừa_120.jpg Khừa
Singapore_121.jpg Singapore
rĩnh_122.jpg rĩnh
sáp_123.jpg sáp
naphthalen_124.jpg naphthalen
Mg_125.jpg Mg
uống_126.jpg uống
trầu_127.jpg trầu
ma-nhê-tô_128.jpg ma-nhê-tô
nhuộm_129.jpg nhuộm
ma-bùn_130.jpg ma-bùn
phết_131.jpg phết
bút_132.jpg bút
thản_133.jpg thản
sờ_134.jpg sờ
khoang_135.jpg khoang
nguôi_136.jpg nguôi
sắc_137.jpg sắc
rưỡi_138.jpg rưỡi
hong_139.jpg hong
ngam_140.jpg ngam
chót_141.jpg chót
giúi_142.jpg giúi
Kháng_143.jpg Kháng
Saturnia_pavonia_144.jpg Saturnia_pavonia
ụ_145.jpg ụ
chuộng_146.jpg chuộng
Tràm_147.jpg Tràm
gẫm_148.jpg gẫm
DẦN_149.jpg DẦN
kên_150.jpg kên
Phiến_151.jpg Phiến
MUÔI_152.jpg MUÔI
mi-crô-phim_153.jpg mi-crô-phim
véc-ni_154.jpg véc-ni
nguyệt_155.jpg nguyệt
nình_156.jpg nình
cacbon_157.jpg cacbon
khiu_158.jpg khiu
Nghi_159.jpg Nghi
Khí_160.jpg Khí
Uẩn_161.jpg Uẩn
chất_162.jpg chất
nhõm_163.jpg nhõm
Bái-công_164.jpg Bái-công
Sỏi_165.jpg Sỏi
Saturnia_pavonia_166.jpg Saturnia_pavonia
san-pết_167.jpg san-pết
a-tua-đờ-rôn_168.jpg a-tua-đờ-rôn
phục_169.jpg phục
Cục_170.jpg Cục
Thoại_171.jpg Thoại
giảo_172.jpg giảo
1985_173.jpg 1985
THUẬT_174.jpg THUẬT
xvi_175.jpg xvi
nêu_176.jpg nêu
bự_177.jpg bự
bè_178.jpg bè
Nhầm_179.jpg Nhầm
Miêu_180.jpg Miêu
CD-ROM_181.jpg CD-ROM
đảo_182.jpg đảo
củng_183.jpg củng
đeca-_184.jpg đeca-
nghiến_185.jpg nghiến
công-ta_186.jpg công-ta
Tiềm_187.jpg Tiềm
dập_188.jpg dập
chiện_189.jpg chiện
đòn_190.jpg đòn
Diến_191.jpg Diến
thiềng_192.jpg thiềng
chúm_193.jpg chúm
suyển_194.jpg suyển
phiu_195.jpg phiu
CÁN_196.jpg CÁN
ngắn_197.jpg ngắn
LỄ_198.jpg LỄ
chíu_199.jpg chíu
Trầu_200.jpg Trầu
su-su_201.jpg su-su
lô-ga-rít_202.jpg lô-ga-rít
XÚ_203.jpg XÚ
Thiên_204.jpg Thiên
TRẠCH_205.jpg TRẠCH
ốp-sét_206.jpg ốp-sét
nghỉ_207.jpg nghỉ
Dean_Swift_208.jpg Dean_Swift
an-ti-mon_209.jpg an-ti-mon
Ea_210.jpg Ea
Phần_211.jpg Phần
Me_212.jpg Me
dọn_213.jpg dọn
cắm_214.jpg cắm
Thống_215.jpg Thống
phiền_216.jpg phiền
Kirghiz_217.jpg Kirghiz
cật_218.jpg cật
cytosine_219.jpg cytosine
cheng_220.jpg cheng
sua_221.jpg sua
nồng_222.jpg nồng
Colon_223.jpg Colon
chơi_224.jpg chơi
Một_225.jpg Một
LẦM_226.jpg LẦM
Thược_227.jpg Thược
chiêu_228.jpg chiêu
Tểnh_229.jpg Tểnh
Chò_230.jpg Chò
đoản_231.jpg đoản
NSƯT_232.jpg NSƯT
Gothic_233.jpg Gothic
Liệt_234.jpg Liệt
chặn_235.jpg chặn
ballad_236.jpg ballad
ti`m_237.jpg ti`m
Lê-nin_238.jpg Lê-nin
Pả_239.jpg Pả
mỗi_240.jpg mỗi
PHÂN_241.jpg PHÂN
ríp-pê_242.jpg ríp-pê
cằm_243.jpg cằm
Chốn_244.jpg Chốn
xita_245.jpg xita
TIẾNG_246.jpg TIẾNG
hỉnh_247.jpg hỉnh
GIỮ_248.jpg GIỮ
dộc_249.jpg dộc
vẹn_250.jpg vẹn
Tadzhik_251.jpg Tadzhik
BÂN_252.jpg BÂN
gặp_253.jpg gặp
Dy_254.jpg Dy
ro_255.jpg ro
dặt_256.jpg dặt
râm_257.jpg râm
gánh_258.jpg gánh
GIA_259.jpg GIA
có_260.jpg có
ngóeo_261.jpg ngóeo
tí-te_262.jpg tí-te
công-xinh_263.jpg công-xinh
sắn_264.jpg sắn
hung_265.jpg hung
nhểu_266.jpg nhểu
30_267.jpg 30
nhở_268.jpg nhở
bài_269.jpg bài
GIÊN_270.jpg GIÊN
mèm_271.jpg mèm
Maria_272.jpg Maria
ngắn_273.jpg ngắn
giặn_274.jpg giặn
dốt_275.jpg dốt
Bush_276.jpg Bush
LẠI_277.jpg LẠI
xoét_278.jpg xoét
trớn_279.jpg trớn
6_280.jpg 6
Phụng_281.jpg Phụng
Ngư_282.jpg Ngư
NHÂT_283.jpg NHÂT
đếm_284.jpg đếm
đảng_285.jpg đảng
Bào_286.jpg Bào
Asaph_287.jpg Asaph
chồn_288.jpg chồn
lạm_289.jpg lạm
ăngten_290.jpg ăngten
VỌNG_291.jpg VỌNG
tuồng_292.jpg tuồng
ja_293.jpg ja
ngườí_294.jpg ngườí
nghề_295.jpg nghề
float_296.jpg float
thiển_297.jpg thiển
Bê_298.jpg Bê
xường_299.jpg xường
xX_300.jpg xX
TƠM_301.jpg TƠM
KHOAI_302.jpg KHOAI
rR_303.jpg rR
balê_304.jpg balê
Sand_305.jpg Sand
thấy_306.jpg thấy
Dớt_307.jpg Dớt
CHƯƠNG_308.jpg CHƯƠNG
Suê_309.jpg Suê
xẩn_310.jpg xẩn
Graham_311.jpg Graham
Mual_312.jpg Mual
blip_313.jpg blip
pẹc-xin_314.jpg pẹc-xin
TRUẤT_315.jpg TRUẤT
cuống_316.jpg cuống
Xốp_317.jpg Xốp
Nàn_318.jpg Nàn
dướn_319.jpg dướn
B'Lao_320.jpg B'Lao
Liềng_321.jpg Liềng
kệ_322.jpg kệ
nhám_323.jpg nhám
concerto_324.jpg concerto
kilogam_325.jpg kilogam
dô_326.jpg dô
vấy_327.jpg vấy
Cọi_328.jpg Cọi
bờ-lu-dông_329.jpg bờ-lu-dông
công-quy-răng_330.jpg công-quy-răng
Công_331.jpg Công
lẻo_332.jpg lẻo
chun_333.jpg chun
Diệu_334.jpg Diệu
bẳn_335.jpg bẳn
huơ_336.jpg huơ
nôm_337.jpg nôm
đấu_338.jpg đấu
tuấn_339.jpg tuấn
pháy_340.jpg pháy
sải_341.jpg sải
nghìn_342.jpg nghìn
staccato_343.jpg staccato
truân_344.jpg truân
Mía_345.jpg Mía
khiếm_346.jpg khiếm
magnetit_347.jpg magnetit
lững_348.jpg lững
Perilla_349.jpg Perilla
Chơn_350.jpg Chơn
gama_351.jpg gama
quẹt_352.jpg quẹt
ngùi_353.jpg ngùi
bởi_354.jpg bởi
lềnh_355.jpg lềnh
VI_356.jpg VI
Trả_357.jpg Trả
kẻ_358.jpg kẻ
Căn_359.jpg Căn
Rana_catesbeiana_360.jpg Rana_catesbeiana
algorithm_361.jpg algorithm
mầng_362.jpg mầng
xú-báp_363.jpg xú-báp
tươi_364.jpg tươi
truyền_365.jpg truyền
phác_366.jpg phác
xen-đầm_367.jpg xen-đầm
tắc-xê_368.jpg tắc-xê
cara_369.jpg cara
hoà_370.jpg hoà
gói_371.jpg gói
nhã_372.jpg nhã
bớt_373.jpg bớt
trồng_374.jpg trồng
vái_375.jpg vái
Photostat_376.jpg Photostat
NG_377.jpg NG
Bỗng_378.jpg Bỗng
phất_379.jpg phất
bị_380.jpg bị
Colon_381.jpg Colon
quân_382.jpg quân
CƯỠNG_383.jpg CƯỠNG
Slìn_384.jpg Slìn
Không_385.jpg Không
xưởng_386.jpg xưởng
chớn_387.jpg chớn
bánh_388.jpg bánh
đóm_389.jpg đóm
nhóm_390.jpg nhóm
tau_391.jpg tau
Funk_392.jpg Funk
điêng_393.jpg điêng
cộ_394.jpg cộ
lăn_395.jpg lăn
Chúa_396.jpg Chúa
dày_397.jpg dày
phrei_398.jpg phrei
tàm_399.jpg tàm
foxep_400.jpg foxep
LẼ_401.jpg LẼ
ka-ra-tê_402.jpg ka-ra-tê
lẻ_403.jpg lẻ
George_Bush_404.jpg George_Bush
a-sco-bic_405.jpg a-sco-bic
duôi_406.jpg duôi
lỏn_407.jpg lỏn
kinacrin_408.jpg kinacrin
x_409.jpg x
lút_410.jpg lút
Xuống_411.jpg Xuống
trồng_412.jpg trồng
khẳng_413.jpg khẳng
nặc_414.jpg nặc
chực_415.jpg chực
bậy_416.jpg bậy
Tân_417.jpg Tân
kiêm_418.jpg kiêm
thố_419.jpg thố
Tựa_420.jpg Tựa
Thịnh_421.jpg Thịnh
Ni_422.jpg Ni
táng_423.jpg táng
dão_424.jpg dão
hơng_425.jpg hơng
ĐÔNG_426.jpg ĐÔNG
BÁ_427.jpg BÁ
Asaph_428.jpg Asaph
tằng_429.jpg tằng
rết_430.jpg rết
tìm_431.jpg tìm
RIỀU_432.jpg RIỀU
Cerberus_433.jpg Cerberus
khụ_434.jpg khụ
quẫn_435.jpg quẫn
vẫn_436.jpg vẫn
NÊ_437.jpg NÊ
Ả_438.jpg Ả
hin_439.jpg hin
Xa_440.jpg Xa
Spica_441.jpg Spica
Nhân_442.jpg Nhân
ĐỊCH_443.jpg ĐỊCH
rờ-ve_444.jpg rờ-ve
Pitman_445.jpg Pitman
bươn_446.jpg bươn
HỰU_447.jpg HỰU
quần_448.jpg quần
FIVB_449.jpg FIVB
diên_450.jpg diên
chẹn_451.jpg chẹn
Gấu_452.jpg Gấu
đến_453.jpg đến
DỶ_454.jpg DỶ
Xứ_455.jpg Xứ
giẻ_456.jpg giẻ
xăng-đan_457.jpg xăng-đan
quán_458.jpg quán
lơn_459.jpg lơn
yểm_460.jpg yểm
ửng_461.jpg ửng
Tu-vang_462.jpg Tu-vang
phiệt_463.jpg phiệt
mượn_464.jpg mượn
nguyền_465.jpg nguyền
M'gar_466.jpg M'gar
Luong_467.jpg Luong
Xiện_468.jpg Xiện
real_469.jpg real
pi-ra-mi-đông_470.jpg pi-ra-mi-đông
magnetit_471.jpg magnetit
brom_472.jpg brom
miền_473.jpg miền
dấp_474.jpg dấp
Seth_475.jpg Seth
hoăn_476.jpg hoăn
sét_477.jpg sét
Đạt_478.jpg Đạt
sà-lúp_479.jpg sà-lúp
toa-lét_480.jpg toa-lét
tỏi_481.jpg tỏi
thiu_482.jpg thiu
Kpă_483.jpg Kpă
Dày_484.jpg Dày
CHỦ_485.jpg CHỦ
NGOC_486.jpg NGOC
xăng-tan_487.jpg xăng-tan
tăng-bo_488.jpg tăng-bo
hẹm_489.jpg hẹm
khiếp_490.jpg khiếp
Quĩ_491.jpg Quĩ
thuý_492.jpg thuý
ghẻ_493.jpg ghẻ
Bà_494.jpg Bà
ruỗng_495.jpg ruỗng
Thông_496.jpg Thông
lẹ_497.jpg lẹ
robusta_498.jpg robusta
bốt-tin_499.jpg bốt-tin
Liberia_500.jpg Liberia
Rền_501.jpg Rền
xệch_502.jpg xệch
hủy_503.jpg hủy
ngầm_504.jpg ngầm
Hòn_505.jpg Hòn
giờ_506.jpg giờ
mễ_507.jpg mễ
Tuẩn_508.jpg Tuẩn
xăng-ti-mét_509.jpg xăng-ti-mét
tuột_510.jpg tuột
vịt_511.jpg vịt
Vậng_512.jpg Vậng
mê-ga-mét_513.jpg mê-ga-mét
ché_514.jpg ché
Vannevar_Bush_515.jpg Vannevar_Bush
giởn_516.jpg giởn
núc_517.jpg núc
Elizabeth_518.jpg Elizabeth
tuavit_519.jpg tuavit
ngõ_520.jpg ngõ
CỦA_521.jpg CỦA
bênh_522.jpg bênh
triod_523.jpg triod
SỈ_524.jpg SỈ
Crow_525.jpg Crow
rạch_526.jpg rạch
bằm_527.jpg bằm
Ấu_528.jpg Ấu
thẻ_529.jpg thẻ
Edward_Douglas_White_Jr._530.jpg Edward_Douglas_White_Jr.
(lắm)_531.jpg (lắm)
MIỆNG_532.jpg MIỆNG
lứa_533.jpg lứa
nom-mê_534.jpg nom-mê
a-văng-ta_535.jpg a-văng-ta
thính_536.jpg thính
Thiệu_537.jpg Thiệu
ĐỂ_538.jpg ĐỂ
Tùng_539.jpg Tùng
boongke_540.jpg boongke
quặc_541.jpg quặc
nách_542.jpg nách
tiêu_543.jpg tiêu
Voi_544.jpg Voi
VỊ_545.jpg VỊ
trĩu_546.jpg trĩu
khoặm_547.jpg khoặm
pháo_548.jpg pháo
vời_549.jpg vời
Giac_550.jpg Giac
mượn_551.jpg mượn
KỊCH_552.jpg KỊCH
yếu_553.jpg yếu
bent_554.jpg bent
Triết_555.jpg Triết
đạt_556.jpg đạt
dặt_557.jpg dặt
Vòng_558.jpg Vòng
ngãng_559.jpg ngãng
ic_560.jpg ic
NIÊU_561.jpg NIÊU
totem_562.jpg totem
héc-tô-lít_563.jpg héc-tô-lít
Gô_564.jpg Gô
Kích_565.jpg Kích
gác-đờ-co_566.jpg gác-đờ-co
lẩy_567.jpg lẩy
folio_568.jpg folio
Freemason_569.jpg Freemason
nghến_570.jpg nghến
Cùa_571.jpg Cùa
Japanese_572.jpg Japanese
thuồn_573.jpg thuồn
heo_574.jpg heo
kiểm_575.jpg kiểm
a-xê-ton_576.jpg a-xê-ton
ơi-ê_577.jpg ơi-ê
chòi_578.jpg chòi
đừ_579.jpg đừ
sắm_580.jpg sắm
ngố_581.jpg ngố
hắt_582.jpg hắt
Phi-líp-pin_583.jpg Phi-líp-pin
bạn_584.jpg bạn
quánh_585.jpg quánh
muồi_586.jpg muồi
phản_587.jpg phản
Quy_588.jpg Quy
quẻ_589.jpg quẻ
gấu_590.jpg gấu
Dết_591.jpg Dết
Chưởng_592.jpg Chưởng
TUM_593.jpg TUM
TẠ_594.jpg TẠ
trú_595.jpg trú
vào_596.jpg vào
Kiêm_597.jpg Kiêm
cornet_598.jpg cornet
Church_Father_599.jpg Church_Father
XHCN_600.jpg XHCN
nạp_601.jpg nạp
LƯỜNG_602.jpg LƯỜNG
khoản_603.jpg khoản
thiểu_604.jpg thiểu
cuồng_605.jpg cuồng
ăng_606.jpg ăng
trành_607.jpg trành
ơ_608.jpg ơ
ki_609.jpg ki
rũ_610.jpg rũ
đày_611.jpg đày
choãi_612.jpg choãi
9_613.jpg 9
Colon_614.jpg Colon
phú_615.jpg phú
trêfin_616.jpg trêfin
êm_617.jpg êm
nào..._618.jpg nào...
Triền_619.jpg Triền
gục_620.jpg gục
Lơng_621.jpg Lơng
Cầm_622.jpg Cầm
đàm_623.jpg đàm
consol_624.jpg consol
DẨN_625.jpg DẨN
phục_626.jpg phục
hường_627.jpg hường
thó_628.jpg thó
cotang_629.jpg cotang
VING_630.jpg VING
Xuy_631.jpg Xuy
pa-ra-fin_632.jpg pa-ra-fin
Ngân_633.jpg Ngân
ới_634.jpg ới
hai_635.jpg hai
genus_Cygnus_636.jpg genus_Cygnus
nóc_637.jpg nóc
khoanh_638.jpg khoanh
tem_639.jpg tem
gùn_640.jpg gùn
mùi_641.jpg mùi
Bối_642.jpg Bối
Mun_643.jpg Mun
DUYỆT_644.jpg DUYỆT
rơi_645.jpg rơi
tràng_646.jpg tràng
ECF_647.jpg ECF
rỗi_648.jpg rỗi
tinh_649.jpg tinh
Chi_650.jpg Chi
trĩ_651.jpg trĩ
cát-sê_652.jpg cát-sê
Gá_653.jpg Gá
NHƯT_654.jpg NHƯT
phấn_655.jpg phấn
PHÁO_656.jpg PHÁO
hợt_657.jpg hợt
choá_658.jpg choá
licorice_659.jpg licorice
khảng_660.jpg khảng
chện_661.jpg chện
mổ_662.jpg mổ
Khương_663.jpg Khương
bonsevich_664.jpg bonsevich
nhầu_665.jpg nhầu
đọn_666.jpg đọn
cồng_667.jpg cồng
batrui_668.jpg batrui
chớn_669.jpg chớn
oẳng_670.jpg oẳng
sỉ_671.jpg sỉ
dai_672.jpg dai
phu_673.jpg phu
át-lát_674.jpg át-lát
khập_675.jpg khập
chòi_676.jpg chòi
Chắt_677.jpg Chắt
Nhi_678.jpg Nhi
VỌNG_679.jpg VỌNG
lấn_680.jpg lấn
bạt_681.jpg bạt
đivăng_682.jpg đivăng
trờm_683.jpg trờm
SƯƠNG_684.jpg SƯƠNG
xước_685.jpg xước
VÀNG_686.jpg VÀNG
ta-bu_687.jpg ta-bu
bê-tông_688.jpg bê-tông
lôga_689.jpg lôga
xấu_690.jpg xấu
Nhặt_691.jpg Nhặt
xăm_692.jpg xăm
Xoan_693.jpg Xoan
Carcharodon_carcharias_694.jpg Carcharodon_carcharias
đúa_695.jpg đúa
phạc_696.jpg phạc
dớp_697.jpg dớp
Tướng_698.jpg Tướng
ba-tui_699.jpg ba-tui
Việt-Pháp_700.jpg Việt-Pháp
cuồn_701.jpg cuồn
thợt_702.jpg thợt
líp_703.jpg líp
kĩ_704.jpg kĩ
bìm_705.jpg bìm
ngãi_706.jpg ngãi
mênh_707.jpg mênh
Má_708.jpg Má
HƯU_709.jpg HƯU
xâm_710.jpg xâm
ngỏ_711.jpg ngỏ
muối_712.jpg muối
biểu_713.jpg biểu
Chung_714.jpg Chung
Krung_715.jpg Krung
Indiana_716.jpg Indiana
nhõ_717.jpg nhõ
tải]_718.jpg tải]
xợt_719.jpg xợt
Ngọc_720.jpg Ngọc
Lụt_721.jpg Lụt
đẩu_722.jpg đẩu
nây_723.jpg nây
ngủn_724.jpg ngủn
volt_725.jpg volt
puốc-xăng_726.jpg puốc-xăng
vector_727.jpg vector
đem_728.jpg đem
Tuốc-mê-ni-xtan_729.jpg Tuốc-mê-ni-xtan
virut_730.jpg virut
ngánh_731.jpg ngánh
ni-lon_732.jpg ni-lon
Prông_733.jpg Prông
PHÁN_734.jpg PHÁN
ĐỆ_735.jpg ĐỆ
gôrila_736.jpg gôrila
Đôn_737.jpg Đôn
Chỏ_738.jpg Chỏ
Ráy_739.jpg Ráy
Thỏ_740.jpg Thỏ
mát_741.jpg mát
sanh_742.jpg sanh
ngách_743.jpg ngách
rôm_744.jpg rôm
hét_745.jpg hét
ay_746.jpg ay
ma-phăm_747.jpg ma-phăm
ngô_748.jpg ngô
vút_749.jpg vút
cung_750.jpg cung
LÔI_751.jpg LÔI
ệnh_752.jpg ệnh
Lòi_753.jpg Lòi
Giáp_754.jpg Giáp
ôplêt_755.jpg ôplêt
trê_756.jpg trê
lay-ơn_757.jpg lay-ơn
Vệ_758.jpg Vệ
sung_759.jpg sung
Nồi_760.jpg Nồi
si-li-cát_761.jpg si-li-cát
Tiễn_762.jpg Tiễn
vài_763.jpg vài
James_Usher_764.jpg James_Usher
chẩn_765.jpg chẩn
KHOẺ_766.jpg KHOẺ
GẪM_767.jpg GẪM
hồn_768.jpg hồn
SỬU_769.jpg SỬU
kéo_770.jpg kéo
bả_771.jpg bả
Lót_772.jpg Lót
ế_773.jpg ế
ửng_774.jpg ửng
ru-pi-a_775.jpg ru-pi-a
phẹc-mơ-tuya_776.jpg phẹc-mơ-tuya
Giẻ-triêng_777.jpg Giẻ-triêng
tẹt_778.jpg tẹt
ngủi_779.jpg ngủi
bự_780.jpg bự
Bướm_781.jpg Bướm
lúy_782.jpg lúy
chư_783.jpg chư
Ngậu_784.jpg Ngậu
đây_785.jpg đây
Ra_786.jpg Ra
cống_787.jpg cống
cotang_788.jpg cotang
Sê_789.jpg Sê
câm_790.jpg câm
Trâu_791.jpg Trâu
Job_792.jpg Job
gươm_793.jpg gươm
cạc_794.jpg cạc
dả_795.jpg dả
ê-ti-len_796.jpg ê-ti-len
mán_797.jpg mán
HUẨN_798.jpg HUẨN
lập_799.jpg lập
rờ-com-măng-đê_800.jpg rờ-com-măng-đê
Phiếu_801.jpg Phiếu
chuôi_802.jpg chuôi
oàm_803.jpg oàm
nhóc_804.jpg nhóc
XTiêng_805.jpg XTiêng
HỦY_806.jpg HỦY
pilchard_807.jpg pilchard
THÊ_808.jpg THÊ
Trái_809.jpg Trái
HỘI_810.jpg HỘI
rải_811.jpg rải
giảnh_812.jpg giảnh
CỨ_813.jpg CỨ
ấu_814.jpg ấu
ao-xơ_815.jpg ao-xơ
nhức_816.jpg nhức
Kịch_817.jpg Kịch
SIDA_818.jpg SIDA
thiều_819.jpg thiều
phảng_820.jpg phảng
khọt_821.jpg khọt
kho_822.jpg kho
etxăng_823.jpg etxăng
lệch_824.jpg lệch
bôi_825.jpg bôi
khoen_826.jpg khoen
Trảo_827.jpg Trảo
khụt_828.jpg khụt
THỰ_829.jpg THỰ
loan_830.jpg loan
dạ_831.jpg dạ
gái_832.jpg gái
hùa_833.jpg hùa
triềng_834.jpg triềng
choãi_835.jpg choãi
nạy_836.jpg nạy
giảng_837.jpg giảng
cuộn_838.jpg cuộn
man-gan_839.jpg man-gan
Tưa_840.jpg Tưa
tiết_841.jpg tiết
khỏi_842.jpg khỏi
tịnh_843.jpg tịnh
chuỳ_844.jpg chuỳ
nhão_845.jpg nhão
lùi_846.jpg lùi
khuông_847.jpg khuông
ké_848.jpg ké
thể_849.jpg thể
ete_850.jpg ete
chậy_851.jpg chậy
kl_852.jpg kl
FEISEAP_853.jpg FEISEAP
lúa_854.jpg lúa
toa_855.jpg toa
xúp_856.jpg xúp
những_857.jpg những
êlíp_858.jpg êlíp
HOẶC_859.jpg HOẶC
phẹt_860.jpg phẹt
thọt_861.jpg thọt
Lễ_862.jpg Lễ
chộp_863.jpg chộp
chiêm_864.jpg chiêm
ti-gôn_865.jpg ti-gôn
Tản_866.jpg Tản
ốm_867.jpg ốm
giục_868.jpg giục
Đìn_869.jpg Đìn
cafê_870.jpg cafê
tuềnh_871.jpg tuềnh
kỉnh_872.jpg kỉnh
pao_873.jpg pao
Balance_874.jpg Balance
ôplêt_875.jpg ôplêt
Giê-su_876.jpg Giê-su
luyến_877.jpg luyến
trướng_878.jpg trướng
lãm_879.jpg lãm
Deutschland_880.jpg Deutschland
tatăng_881.jpg tatăng
mí_882.jpg mí
thản_883.jpg thản
CHUYỂN_884.jpg CHUYỂN
vú_885.jpg vú
truông_886.jpg truông
Điêu_887.jpg Điêu
Đin_888.jpg Đin
rốc_889.jpg rốc
cuồn_890.jpg cuồn
biptêt_891.jpg biptêt
i-ốt_892.jpg i-ốt
giúp_893.jpg giúp
Heinrich_Rudolph_Hertz_894.jpg Heinrich_Rudolph_Hertz
Norman_Mailer_895.jpg Norman_Mailer
commando_896.jpg commando
trề_897.jpg trề
hẳm_898.jpg hẳm
Hung_899.jpg Hung
cạp_900.jpg cạp
soóc_901.jpg soóc
lụy_902.jpg lụy
whistle_903.jpg whistle
Leontyne_Price_904.jpg Leontyne_Price
ruổi_905.jpg ruổi
Huê_906.jpg Huê
TRÁC_907.jpg TRÁC
bẫn_908.jpg bẫn
senlăc_909.jpg senlăc
xồn_910.jpg xồn
Sâng_911.jpg Sâng
xuồng_912.jpg xuồng
Hill_913.jpg Hill
hĩm_914.jpg hĩm
biscuit_915.jpg biscuit
kèn_916.jpg kèn
đạp_917.jpg đạp
Cực_918.jpg Cực
công-phi-tuya_919.jpg công-phi-tuya
nạc_920.jpg nạc
lứa_921.jpg lứa
Luông_922.jpg Luông
chịch_923.jpg chịch
Man_924.jpg Man
Áp-ga-nít-xtan_925.jpg Áp-ga-nít-xtan
upsilon_926.jpg upsilon
bikini_927.jpg bikini
xởi_928.jpg xởi
xa-bô_929.jpg xa-bô
pích_930.jpg pích
vươt_931.jpg vươt
bút_932.jpg bút
Dậu_933.jpg Dậu
TẦN_934.jpg TẦN
LƯU_935.jpg LƯU
phắn_936.jpg phắn
méc_937.jpg méc
kina_938.jpg kina
bờ-rát-xa_939.jpg bờ-rát-xa
tiếu_940.jpg tiếu
BA_941.jpg BA
BỤNG_942.jpg BỤNG
may-on-ne_943.jpg may-on-ne
TIỀU_944.jpg TIỀU
teo_945.jpg teo
bơn_946.jpg bơn
cara_947.jpg cara
mang_948.jpg mang
luput_949.jpg luput
reo_950.jpg reo
Hâm_951.jpg Hâm
Đão_952.jpg Đão
đờ_953.jpg đờ
a-léc_954.jpg a-léc
bít-mút_955.jpg bít-mút
tóc_956.jpg tóc
Quýnh_957.jpg Quýnh
giơ_958.jpg giơ
ĐƯỢM_959.jpg ĐƯỢM
ngơ_960.jpg ngơ
ĐIỀM_961.jpg ĐIỀM
TRÒN_962.jpg TRÒN
ộp_963.jpg ộp
ghiđông_964.jpg ghiđông
xào_965.jpg xào
Bốn_966.jpg Bốn
all_fours_967.jpg all_fours
kha_968.jpg kha
Dận_969.jpg Dận
kỉnh_970.jpg kỉnh
đũa_971.jpg đũa
bên_972.jpg bên
Agribank_973.jpg Agribank
WASP_974.jpg WASP
deuterium_975.jpg deuterium
LUỐNG_976.jpg LUỐNG
đôm_977.jpg đôm
lùa_978.jpg lùa
melo_979.jpg melo
KIỀU_980.jpg KIỀU
vui_981.jpg vui
dởm_982.jpg dởm
Vy_983.jpg Vy
Thứ_984.jpg Thứ
gảng_985.jpg gảng
Phí_986.jpg Phí
Phăn_987.jpg Phăn
Viến_988.jpg Viến
Sion_989.jpg Sion
Waters_990.jpg Waters
Puộc_991.jpg Puộc
kệch_992.jpg kệch
apphe_993.jpg apphe
Jugoslavia_994.jpg Jugoslavia
TƠM_995.jpg TƠM
đùa_996.jpg đùa
chua_997.jpg chua
axít_998.jpg axít
táng_999.jpg táng
copfa_1000.jpg copfa
Tuệ_1001.jpg Tuệ
Simpson_1002.jpg Simpson
Kiên_1003.jpg Kiên
THẠNH_1004.jpg THẠNH
Alauda_arvensis_1005.jpg Alauda_arvensis
định_1006.jpg định
Búng_1007.jpg Búng
nắng_1008.jpg nắng
Giêng_1009.jpg Giêng
răn_1010.jpg răn
Ngàn_1011.jpg Ngàn
hoạn_1012.jpg hoạn
quỹ_1013.jpg quỹ
Charles_Frederick_Worth_1014.jpg Charles_Frederick_Worth
vintage_1015.jpg vintage
YÊU_1016.jpg YÊU
Mút_1017.jpg Mút
chuỳ_1018.jpg chuỳ
XII_1019.jpg XII
toé_1020.jpg toé
hùa_1021.jpg hùa
ngày_1022.jpg ngày
chop_1023.jpg chop
thề_1024.jpg thề
gớm_1025.jpg gớm
lưng_1026.jpg lưng
cháng_1027.jpg cháng
bị_1028.jpg bị
dồn_1029.jpg dồn
Chỉnh_1030.jpg Chỉnh
Siêu_1031.jpg Siêu
xót_1032.jpg xót
ô-mê-ga_1033.jpg ô-mê-ga
Độ_1034.jpg Độ
Thận_1035.jpg Thận
xế_1036.jpg xế
giẹo_1037.jpg giẹo
Pụa_1038.jpg Pụa
lòa_1039.jpg lòa
Coffea_1040.jpg Coffea
cartel_1041.jpg cartel
véc-tơ_1042.jpg véc-tơ
xoáy_1043.jpg xoáy
gầm_1044.jpg gầm
TẠI_1045.jpg TẠI
nao_1046.jpg nao
madam_1047.jpg madam
choắc_1048.jpg choắc
tung_1049.jpg tung
Olympic_1050.jpg Olympic
tha_1051.jpg tha
Loretta_Young_1052.jpg Loretta_Young
nhanh_1053.jpg nhanh
trôn_1054.jpg trôn
(là)_1055.jpg (là)
choãi_1056.jpg choãi
trát_1057.jpg trát
ru-bi_1058.jpg ru-bi
Stanford_White_1059.jpg Stanford_White
Đà_1060.jpg Đà
Lịch_1061.jpg Lịch
lòe_1062.jpg lòe
tuy-nen_1063.jpg tuy-nen
dác_1064.jpg dác
von_1065.jpg von
lặp_1066.jpg lặp
Set_1067.jpg Set
nam_1068.jpg nam
lới_1069.jpg lới
Gang_1070.jpg Gang
choẹt_1071.jpg choẹt
ic_1072.jpg ic
mô-nô_1073.jpg mô-nô
tường_1074.jpg tường
đàm_1075.jpg đàm
plăng-sê_1076.jpg plăng-sê
rình_1077.jpg rình
HỔN_1078.jpg HỔN
cuộn_1079.jpg cuộn
Mẹ_1080.jpg Mẹ
mạnh_1081.jpg mạnh
xê-non_1082.jpg xê-non
ngỡn_1083.jpg ngỡn
Lúa_1084.jpg Lúa
leo_1085.jpg leo
tru_1086.jpg tru
váng_1087.jpg váng
BÉ_1088.jpg BÉ
râm_1089.jpg râm
da-guơ_1090.jpg da-guơ
đũa_1091.jpg đũa
NGHIÊM_1092.jpg NGHIÊM
bện_1093.jpg bện
nganh_1094.jpg nganh
cạn_1095.jpg cạn
B_1096.jpg B
Xiểm_1097.jpg Xiểm
Nhĩ_1098.jpg Nhĩ
chồn_1099.jpg chồn
CŨNG_1100.jpg CŨNG
THÔI_1101.jpg THÔI
THƠI_1102.jpg THƠI
lất_1103.jpg lất
Hiện_1104.jpg Hiện
LÊ_1105.jpg LÊ
ăng_1106.jpg ăng
Chăn_1107.jpg Chăn
LÙNG_1108.jpg LÙNG
dậy_1109.jpg dậy
Mn_1110.jpg Mn
pecca_1111.jpg pecca
chữa_1112.jpg chữa
đỉnh_1113.jpg đỉnh
đề-xi-mét_1114.jpg đề-xi-mét
chuyến_1115.jpg chuyến
miếng_1116.jpg miếng
đoành_1117.jpg đoành
gout_1118.jpg gout
trầm_1119.jpg trầm
photo_1120.jpg photo
fu_1121.jpg fu
HỮU_1122.jpg HỮU
oải_1123.jpg oải
Yén_1124.jpg Yén
mau_1125.jpg mau
LSD_1126.jpg LSD
điền_1127.jpg điền
a-min_1128.jpg a-min
XINH_1129.jpg XINH
ngo_1130.jpg ngo
galăng_1131.jpg galăng
Hòe_1132.jpg Hòe
gỡ_1133.jpg gỡ
DUNG_1134.jpg DUNG
mùi_1135.jpg mùi
chai_1136.jpg chai
pụa_1137.jpg pụa
Nellie_Bly_1138.jpg Nellie_Bly
nướu_1139.jpg nướu
agora_1140.jpg agora
Matheo_1141.jpg Matheo
Đằng_1142.jpg Đằng
tét_1143.jpg tét
ngoáp_1144.jpg ngoáp
Asian_Russia_1145.jpg Asian_Russia
eto_1146.jpg eto
Diềm_1147.jpg Diềm
tăng-sông_1148.jpg tăng-sông
quằn_1149.jpg quằn
nệp_1150.jpg nệp
xương_1151.jpg xương
gen_1152.jpg gen
Poọng_1153.jpg Poọng
khô_1154.jpg khô
thủ_1155.jpg thủ
lặng_1156.jpg lặng
tiêu_1157.jpg tiêu
Funk_1158.jpg Funk
quả_1159.jpg quả
Lờ_1160.jpg Lờ
miều_1161.jpg miều
dalasi_1162.jpg dalasi
xoẻng_1163.jpg xoẻng
bá_1164.jpg bá
yểu_1165.jpg yểu
CHIẾU_1166.jpg CHIẾU
âớu_1167.jpg âớu
Jupiter_1168.jpg Jupiter
BỂ_1169.jpg BỂ
XÍU_1170.jpg XÍU
nhắm_1171.jpg nhắm
Panicum_1172.jpg Panicum
sụp_1173.jpg sụp
gần_1174.jpg gần
au-xơ_1175.jpg au-xơ
hét_1176.jpg hét
in-su-lin_1177.jpg in-su-lin
chăm_1178.jpg chăm
xình_1179.jpg xình
Quiche_1180.jpg Quiche
gót_1181.jpg gót
khéo_1182.jpg khéo
ngoai_1183.jpg ngoai
lọi_1184.jpg lọi
phêu_1185.jpg phêu
nhộng_1186.jpg nhộng
SƯA_1187.jpg SƯA
strichnin_1188.jpg strichnin
rương_1189.jpg rương
lị_1190.jpg lị
Tổ_1191.jpg Tổ
con_1192.jpg con
Hồi_1193.jpg Hồi
Giã_1194.jpg Giã
Su-đăng_1195.jpg Su-đăng
nhỉnh_1196.jpg nhỉnh
uyên_1197.jpg uyên
đuốc_1198.jpg đuốc
ngây_1199.jpg ngây
Cuôr_1200.jpg Cuôr
Beclin_1201.jpg Beclin
phối_1202.jpg phối
stacte_1203.jpg stacte
GẶP_1204.jpg GẶP
đôi_1205.jpg đôi
nảy_1206.jpg nảy
ngọc_1207.jpg ngọc
Đại-dương-châu_1208.jpg Đại-dương-châu
Thiên-Huế_1209.jpg Thiên-Huế
nhức_1210.jpg nhức
nhòng_1211.jpg nhòng
ngay_1212.jpg ngay
PHÒ_1213.jpg PHÒ
NHA_1214.jpg NHA
bum_1215.jpg bum
TUYÊT_1216.jpg TUYÊT
rờ-tờ-rét_1217.jpg rờ-tờ-rét
MIÊU_1218.jpg MIÊU
píp_1219.jpg píp
vền_1220.jpg vền
găng_1221.jpg găng
an-đê-hít_1222.jpg an-đê-hít
phều_1223.jpg phều
gộ_1224.jpg gộ
title_1225.jpg title
sẹt_1226.jpg sẹt
NHÁI_1227.jpg NHÁI
leo_1228.jpg leo
xẩn_1229.jpg xẩn
ĐÔC_1230.jpg ĐÔC
HƯỚC_1231.jpg HƯỚC
cu-pông_1232.jpg cu-pông
mobile_1233.jpg mobile
phụp_1234.jpg phụp
e-mê-tin_1235.jpg e-mê-tin
bỏi_1236.jpg bỏi
BS_1237.jpg BS
Két_1238.jpg Két
nửa_1239.jpg nửa
HÙM_1240.jpg HÙM
bịnh_1241.jpg bịnh
hở_1242.jpg hở
lí_1243.jpg lí
bancông_1244.jpg bancông
hụt_1245.jpg hụt
gàng_1246.jpg gàng
tuý_1247.jpg tuý
hương_1248.jpg hương
thột_1249.jpg thột
lốc_1250.jpg lốc
then_1251.jpg then
he_1252.jpg he
ăng-go-rít_1253.jpg ăng-go-rít
khuôn_1254.jpg khuôn
CUỘI_1255.jpg CUỘI
3D_1256.jpg 3D
CHUÔNG_1257.jpg CHUÔNG
ngạo_1258.jpg ngạo
dỏng_1259.jpg dỏng
hâm_1260.jpg hâm
Stephen_1261.jpg Stephen
Bush_1262.jpg Bush
sớ_1263.jpg sớ
Dốn_1264.jpg Dốn
phút_1265.jpg phút
Chist_1266.jpg Chist
hơng_1267.jpg hơng
Mộng-Trạm_1268.jpg Mộng-Trạm
lôi_1269.jpg lôi
mỹ_1270.jpg mỹ
batoong_1271.jpg batoong
cằn_1272.jpg cằn
Rông_1273.jpg Rông
nậng_1274.jpg nậng
khoe_1275.jpg khoe
Campuchia_1276.jpg Campuchia
chã_1277.jpg chã
lô-ga_1278.jpg lô-ga
sương_1279.jpg sương
tướng_1280.jpg tướng
nhen_1281.jpg nhen
sòng_1282.jpg sòng
ÂN_1283.jpg ÂN
sả_1284.jpg sả
lít_1285.jpg lít
Tát_1286.jpg Tát
ozon_1287.jpg ozon
Cá_1288.jpg Cá
hê-ma-tít_1289.jpg hê-ma-tít
TRÒN_1290.jpg TRÒN
quạng_1291.jpg quạng
nê_1292.jpg nê
giằn_1293.jpg giằn
véo_1294.jpg véo
chlorhydric_1295.jpg chlorhydric
tản_1296.jpg tản
dẳng_1297.jpg dẳng
công-xéc-tô_1298.jpg công-xéc-tô
hum_1299.jpg hum
cạy_1300.jpg cạy
Quyết_1301.jpg Quyết
sun_1302.jpg sun
Quần_1303.jpg Quần
2_1304.jpg 2
víu_1305.jpg víu
rờ-tua_1306.jpg rờ-tua
Nhì_1307.jpg Nhì
rìu_1308.jpg rìu
khuỷu_1309.jpg khuỷu
KHÊ_1310.jpg KHÊ
Hoằng_1311.jpg Hoằng
HIỆT_1312.jpg HIỆT
biên_1313.jpg biên
ra-lăng-ti_1314.jpg ra-lăng-ti
lục_1315.jpg lục
Gioan_1316.jpg Gioan
nhăn_1317.jpg nhăn
đè_1318.jpg đè
CẦU_1319.jpg CẦU
choạng_1320.jpg choạng
đắng_1321.jpg đắng
Cũ_1322.jpg Cũ
ta-pi_1323.jpg ta-pi
săng-tan_1324.jpg săng-tan
Quyết_1325.jpg Quyết
Bỉnh_1326.jpg Bỉnh
duyên_1327.jpg duyên
khạch_1328.jpg khạch
Bieu_1329.jpg Bieu
tuệ_1330.jpg tuệ
mười_1331.jpg mười
pajama_1332.jpg pajama
bọn_1333.jpg bọn
ắc-xi-đăng_1334.jpg ắc-xi-đăng
điezen_1335.jpg điezen
John_1336.jpg John
cấu_1337.jpg cấu
thẹo_1338.jpg thẹo
nhụa_1339.jpg nhụa
đoái_1340.jpg đoái
rệp_1341.jpg rệp
LẦN_1342.jpg LẦN
xúyt_1343.jpg xúyt
Công_1344.jpg Công
Worth_1345.jpg Worth
đoái_1346.jpg đoái
bảng_1347.jpg bảng
khỏi_1348.jpg khỏi
Stephanie_Graf_1349.jpg Stephanie_Graf
chấp_1350.jpg chấp
lường_1351.jpg lường
sốc_1352.jpg sốc
ranh_1353.jpg ranh
xoẻng_1354.jpg xoẻng
jive_1355.jpg jive
tát_1356.jpg tát
polyp_1357.jpg polyp
(quá_1358.jpg (quá
chớp_1359.jpg chớp
quy-nin_1360.jpg quy-nin
Nàn_1361.jpg Nàn
xuềnh_1362.jpg xuềnh
hứng_1363.jpg hứng
khất_1364.jpg khất
ca-sô_1365.jpg ca-sô
xước_1366.jpg xước
Maquisard_1367.jpg Maquisard
huyên_1368.jpg huyên
sò_1369.jpg sò
cập_1370.jpg cập
Ba-ranh_1371.jpg Ba-ranh
khăng_1372.jpg khăng
péc-lông_1373.jpg péc-lông
CHIỂU_1374.jpg CHIỂU
7_1375.jpg 7
NGÕA_1376.jpg NGÕA
ruồi_1377.jpg ruồi
Quán_1378.jpg Quán
rupee_1379.jpg rupee
tân_1380.jpg tân
nguyên_1381.jpg nguyên
tin_1382.jpg tin
Tháo_1383.jpg Tháo
thuý_1384.jpg thuý
thừa_1385.jpg thừa
ma-níp_1386.jpg ma-níp
ngửng_1387.jpg ngửng
Hám_1388.jpg Hám
Cháy_1389.jpg Cháy
Bụt_1390.jpg Bụt
bợm_1391.jpg bợm
cô-ca_1392.jpg cô-ca
lăm_1393.jpg lăm
măng-tô_1394.jpg măng-tô
CAN_1395.jpg CAN
Jehovah_1396.jpg Jehovah
lâm_1397.jpg lâm
từng_1398.jpg từng
gu-giông_1399.jpg gu-giông
sau_1400.jpg sau
chùa_1401.jpg chùa
bốt_1402.jpg bốt
khoanh_1403.jpg khoanh
xo-nat_1404.jpg xo-nat
Tuyền_1405.jpg Tuyền
ché_1406.jpg ché
sặc_1407.jpg sặc
Ơ_1408.jpg Ơ
tđd_1409.jpg tđd
Rịu_1410.jpg Rịu
hực_1411.jpg hực
ca-lô_1412.jpg ca-lô
vãi_1413.jpg vãi
võng_1414.jpg võng
Nhớp_1415.jpg Nhớp
sầu_1416.jpg sầu
Dọn_1417.jpg Dọn
THUẬN_1418.jpg THUẬN
ta_1419.jpg ta
phe_1420.jpg phe
CHẤN_1421.jpg CHẤN
ngày_1422.jpg ngày
Raven_1423.jpg Raven
pho-mát_1424.jpg pho-mát
Thần_1425.jpg Thần
thõm_1426.jpg thõm
hủn_1427.jpg hủn
pích-ních_1428.jpg pích-ních
bakelit_1429.jpg bakelit
lan_1430.jpg lan
TUNG_1431.jpg TUNG
Lắk_1432.jpg Lắk
box_1433.jpg box
CD_1434.jpg CD
ga-ra_1435.jpg ga-ra
chỏ_1436.jpg chỏ
đẻ_1437.jpg đẻ
phới_1438.jpg phới
loẹt_1439.jpg loẹt
thánh_1440.jpg thánh
tenor_1441.jpg tenor
rường_1442.jpg rường
Thơi_1443.jpg Thơi
miễn_1444.jpg miễn
cồn_1445.jpg cồn
phê-non_1446.jpg phê-non
hang_1447.jpg hang
tùm_1448.jpg tùm
me-don_1449.jpg me-don
bậm_1450.jpg bậm
point_1451.jpg point
Mâp_1452.jpg Mâp
Bạch_1453.jpg Bạch
shot_1454.jpg shot
hoá_1455.jpg hoá
chạt_1456.jpg chạt
THẤY_1457.jpg THẤY
ra-đi-an_1458.jpg ra-đi-an
thừng_1459.jpg thừng
bẹt_1460.jpg bẹt
macxit_1461.jpg macxit
Huy_1462.jpg Huy
Thomas_Young_1463.jpg Thomas_Young
lởm_1464.jpg lởm
Ra-glai_1465.jpg Ra-glai
sôcôla_1466.jpg sôcôla
biến_1467.jpg biến
bupbê_1468.jpg bupbê
ratio_1469.jpg ratio
genus_Prunella_1470.jpg genus_Prunella
clo-a-xê-tô-phê-non_1471.jpg clo-a-xê-tô-phê-non
chướng_1472.jpg chướng
giận_1473.jpg giận
sọ_1474.jpg sọ
ka-ki_1475.jpg ka-ki
tẽn_1476.jpg tẽn
nền_1477.jpg nền
Aspinwall_1478.jpg Aspinwall
hảm_1479.jpg hảm
Sanh_1480.jpg Sanh
quang_1481.jpg quang
rỗng_1482.jpg rỗng
bênh_1483.jpg bênh
ngấc_1484.jpg ngấc
Cù_1485.jpg Cù
giếm_1486.jpg giếm
nát-ri_1487.jpg nát-ri
cánh_1488.jpg cánh
rọ_1489.jpg rọ
đễnh_1490.jpg đễnh
nhởi_1491.jpg nhởi
mảng_1492.jpg mảng
inh_1493.jpg inh
annulus_1494.jpg annulus
công-tôn_1495.jpg công-tôn
nghiền_1496.jpg nghiền
heuristic_1497.jpg heuristic
la-xiết_1498.jpg la-xiết
phùn_1499.jpg phùn
Ngôn_1500.jpg Ngôn
nhõ_1501.jpg nhõ
mu_1502.jpg mu
hồn_1503.jpg hồn
nhét_1504.jpg nhét
y_1505.jpg y
Truth_1506.jpg Truth
ngoáp_1507.jpg ngoáp
amfibon_1508.jpg amfibon
dạm_1509.jpg dạm
fi-brô-xi-măng_1510.jpg fi-brô-xi-măng
chóng_1511.jpg chóng
tiêù_1512.jpg tiêù
Marx-Lenin_1513.jpg Marx-Lenin
gộp_1514.jpg gộp
formaldehyd_1515.jpg formaldehyd
Dĩnh_1516.jpg Dĩnh
Giấy_1517.jpg Giấy
Khù_1518.jpg Khù
xi-ta_1519.jpg xi-ta
sểnh_1520.jpg sểnh
cong_1521.jpg cong
liquorice_1522.jpg liquorice
cày_1523.jpg cày
lót_1524.jpg lót
Sóng_1525.jpg Sóng
tuốc-bin_1526.jpg tuốc-bin
héo_1527.jpg héo
(lí)_1528.jpg (lí)
chớp_1529.jpg chớp
Benjamin_Rush_1530.jpg Benjamin_Rush
phới_1531.jpg phới
Okie_1532.jpg Okie
chờn_1533.jpg chờn
nỏm_1534.jpg nỏm
khệch_1535.jpg khệch
Watt_1536.jpg Watt
bung_1537.jpg bung
chư_1538.jpg chư
varơi_1539.jpg varơi
Chí-phèo_1540.jpg Chí-phèo
tải_1541.jpg tải
cướp_1542.jpg cướp
THÍCH_1543.jpg THÍCH
tai-ga_1544.jpg tai-ga
NGHIA_1545.jpg NGHIA
Thy_1546.jpg Thy
tum_1547.jpg tum
trận_1548.jpg trận
nhó_1549.jpg nhó
QUYÊN_1550.jpg QUYÊN
nơ_1551.jpg nơ
Thom_1552.jpg Thom
Nhật_1553.jpg Nhật
sen_1554.jpg sen
cám_1555.jpg cám
NHA_1556.jpg NHA
John_Reed_1557.jpg John_Reed
Tháo_1558.jpg Tháo
ga-li_1559.jpg ga-li
ma-ki-ê_1560.jpg ma-ki-ê
nhuốc_1561.jpg nhuốc
Lức_1562.jpg Lức
monophosphate_1563.jpg monophosphate
ranh_1564.jpg ranh
vượt_1565.jpg vượt
trá_1566.jpg trá
nông_1567.jpg nông
Carry_Amelia_Moore_Nation_1568.jpg Carry_Amelia_Moore_Nation
nghiệt_1569.jpg nghiệt
kèn_1570.jpg kèn
Z_1571.jpg Z
quấn_1572.jpg quấn
thẹn_1573.jpg thẹn
ruộng_1574.jpg ruộng
nhún_1575.jpg nhún
dữ_1576.jpg dữ
nẫy_1577.jpg nẫy
sốc_1578.jpg sốc
rinh-tê_1579.jpg rinh-tê
C._P._Snow_1580.jpg C._P._Snow
Robert_William_Service_1581.jpg Robert_William_Service
Gamma_1582.jpg Gamma
khuyên_1583.jpg khuyên
Greenwich_1584.jpg Greenwich
(toán)_1585.jpg (toán)
rợi_1586.jpg rợi
núi_1587.jpg núi
omega_1588.jpg omega
Tổ_1589.jpg Tổ
chỏm_1590.jpg chỏm
topi_1591.jpg topi
dượng_1592.jpg dượng
khai_1593.jpg khai
Tell_1594.jpg Tell
Satan_1595.jpg Satan
ấy_1596.jpg ấy
tướng_1597.jpg tướng
Lưới_1598.jpg Lưới
Kính_1599.jpg Kính
bẫm_1600.jpg bẫm
4_1601.jpg 4
nhựa_1602.jpg nhựa
hiếng_1603.jpg hiếng
thềm_1604.jpg thềm
lồng_1605.jpg lồng
LỘ_1606.jpg LỘ
ngẩm_1607.jpg ngẩm
nhõ_1608.jpg nhõ
Taurus_1609.jpg Taurus
contract_bridge_1610.jpg contract_bridge
Ngự_1611.jpg Ngự
hàu_1612.jpg hàu
TRƯỞNG_1613.jpg TRƯỞNG
Ré_1614.jpg Ré
LỒI_1615.jpg LỒI
hò_1616.jpg hò
zíc_1617.jpg zíc
thình_1618.jpg thình
thệ_1619.jpg thệ
choàm_1620.jpg choàm
CHUỘNG_1621.jpg CHUỘNG
nhíu_1622.jpg nhíu
Quái_1623.jpg Quái
Handy_1624.jpg Handy
Nghiã_1625.jpg Nghiã
goòng_1626.jpg goòng
RIỀNG_1627.jpg RIỀNG
hướng_1628.jpg hướng
đinh_1629.jpg đinh
mono_1630.jpg mono
chèn_1631.jpg chèn
đay_1632.jpg đay
chỉ_1633.jpg chỉ
bất_1634.jpg bất
bò_1635.jpg bò
hâu_1636.jpg hâu
cốt_1637.jpg cốt
bộn_1638.jpg bộn
title_1639.jpg title
Hàng_1640.jpg Hàng
xười_1641.jpg xười
Thuợc_1642.jpg Thuợc
NHÂM_1643.jpg NHÂM
CƯỠNG_1644.jpg CƯỠNG
riđô_1645.jpg riđô
kroon_1646.jpg kroon
Góc_1647.jpg Góc
đễ_1648.jpg đễ
mail_1649.jpg mail
BẮN_1650.jpg BẮN
thắn_1651.jpg thắn
oăn_1652.jpg oăn
phone_1653.jpg phone
Thèn_1654.jpg Thèn
vò_1655.jpg vò
Phảng_1656.jpg Phảng
xo_1657.jpg xo
Julia_1658.jpg Julia
bốt_1659.jpg bốt
THUẬT_1660.jpg THUẬT
mó_1661.jpg mó
hỷ_1662.jpg hỷ
chộn_1663.jpg chộn
pa-ti-nê_1664.jpg pa-ti-nê
Dống_1665.jpg Dống
trằn_1666.jpg trằn
Ni-na_1667.jpg Ni-na
bễ_1668.jpg bễ
pyjama_1669.jpg pyjama
an-te_1670.jpg an-te
Bê_1671.jpg Bê
Phở_1672.jpg Phở
TA_1673.jpg TA
Pd_1674.jpg Pd
li-mô_1675.jpg li-mô
Táng_1676.jpg Táng
Hẹ_1677.jpg Hẹ
Holman_1678.jpg Holman
gỏng_1679.jpg gỏng
Lặng_1680.jpg Lặng
ngủ_1681.jpg ngủ
lì_1682.jpg lì
khuỳnh_1683.jpg khuỳnh
la-phông_1684.jpg la-phông
lão_1685.jpg lão
bõng_1686.jpg bõng
ban-công_1687.jpg ban-công
l_1688.jpg l
tướn_1689.jpg tướn
bẹn_1690.jpg bẹn
An-tai_1691.jpg An-tai
rửa_1692.jpg rửa
kiểng_1693.jpg kiểng
Buddy_Holly_1694.jpg Buddy_Holly
thuỳ_1695.jpg thuỳ
hoặn_1696.jpg hoặn
nến_1697.jpg nến
n.mile_1698.jpg n.mile
đủ_1699.jpg đủ
Ngoạt_1700.jpg Ngoạt
gợp_1701.jpg gợp
chõi_1702.jpg chõi
lời_1703.jpg lời
yogurt_1704.jpg yogurt
taka_1705.jpg taka
tụy_1706.jpg tụy
Lạp_1707.jpg Lạp
voi_1708.jpg voi
tại_1709.jpg tại
át-mốt-phe_1710.jpg át-mốt-phe
lade_1711.jpg lade
đẹt_1712.jpg đẹt
mục_1713.jpg mục
hoóc-môn_1714.jpg hoóc-môn
nghê_1715.jpg nghê
Rượu_1716.jpg Rượu
VUÔNG_1717.jpg VUÔNG
nình_1718.jpg nình
áp-ga-ni_1719.jpg áp-ga-ni
bi-tum_1720.jpg bi-tum
rỉ_1721.jpg rỉ
FIVB_1722.jpg FIVB
ki-lô_1723.jpg ki-lô
Đa-ni-ên_1724.jpg Đa-ni-ên
6500_1725.jpg 6500
von-phơ-ram_1726.jpg von-phơ-ram
giằng_1727.jpg giằng
Quýnh_1728.jpg Quýnh
Porter_1729.jpg Porter
bèo_1730.jpg bèo
giuộc_1731.jpg giuộc
bọn_1732.jpg bọn
anbom_1733.jpg anbom
Và_1734.jpg Và
ngữ_1735.jpg ngữ
bầu_1736.jpg bầu
kịa_1737.jpg kịa
A-đam_1738.jpg A-đam
Xây_1739.jpg Xây
nhốn_1740.jpg nhốn
rộn_1741.jpg rộn
nguôi_1742.jpg nguôi
Day_1743.jpg Day
NGOẠN_1744.jpg NGOẠN
Cty_1745.jpg Cty
giăm_1746.jpg giăm
đít-cua_1747.jpg đít-cua
dùi_1748.jpg dùi
CƯƠNG_1749.jpg CƯƠNG
Chót_1750.jpg Chót
lậu_1751.jpg lậu
Teddy_1752.jpg Teddy
bải_1753.jpg bải
hờm_1754.jpg hờm
nhãn_1755.jpg nhãn
gơ-lu-xit_1756.jpg gơ-lu-xit
ác-coóc_1757.jpg ác-coóc
bảng_1758.jpg bảng
Quê_1759.jpg Quê
Vầy_1760.jpg Vầy
đươc_1761.jpg đươc
AIDS_1762.jpg AIDS
nhon_1763.jpg nhon
frame_1764.jpg frame
mứt_1765.jpg mứt
Ralum_1766.jpg Ralum
các-tông_1767.jpg các-tông
cưỡi_1768.jpg cưỡi
hoan_1769.jpg hoan
ngun_1770.jpg ngun
loã_1771.jpg loã
mốc_1772.jpg mốc
qua_1773.jpg qua
ghép_1774.jpg ghép
ảnh_1775.jpg ảnh
BÌNH_1776.jpg BÌNH
Lai-Kon_1777.jpg Lai-Kon
zin_1778.jpg zin
Phần_1779.jpg Phần
Máccô_1780.jpg Máccô
Ailurus_fulgens_1781.jpg Ailurus_fulgens
lám_1782.jpg lám
genus_Helix_1783.jpg genus_Helix
Nghiep_1784.jpg Nghiep
hỡi_1785.jpg hỡi
kia_1786.jpg kia
TỎI_1787.jpg TỎI
David_Low_1788.jpg David_Low
Hạng_1789.jpg Hạng
fron_1790.jpg fron
Bưa_1791.jpg Bưa
nì_1792.jpg nì
Mẹ_1793.jpg Mẹ
TÒNG_1794.jpg TÒNG
ngày_1795.jpg ngày
sandal_1796.jpg sandal
Nhiển_1797.jpg Nhiển
Huân_1798.jpg Huân
Wren_1799.jpg Wren
Hôn_1800.jpg Hôn
ran_1801.jpg ran
KHUYẾN_1802.jpg KHUYẾN
Tennessee_1803.jpg Tennessee
Thô_1804.jpg Thô
mạo_1805.jpg mạo
sượng_1806.jpg sượng
còi_1807.jpg còi
phen_1808.jpg phen
chổi_1809.jpg chổi
vui_1810.jpg vui
ngấy_1811.jpg ngấy
côm_1812.jpg côm
bệ_1813.jpg bệ
đốm_1814.jpg đốm
đạt-lai_1815.jpg đạt-lai
NHƯNG_1816.jpg NHƯNG
thộn_1817.jpg thộn
sling_1818.jpg sling
Mũi_1819.jpg Mũi
zinnia_1820.jpg zinnia
kinacrin_1821.jpg kinacrin
tăng-xông_1822.jpg tăng-xông
Sứ_1823.jpg Sứ
vậy_1824.jpg vậy
sẻn_1825.jpg sẻn
nhãng_1826.jpg nhãng
giămbông_1827.jpg giămbông
DÀNH_1828.jpg DÀNH
rộm_1829.jpg rộm
ii_1830.jpg ii
Kiều_1831.jpg Kiều
công-xây_1832.jpg công-xây
Đơ-ro_1833.jpg Đơ-ro
ẹt_1834.jpg ẹt
gon_1835.jpg gon
ngầu_1836.jpg ngầu
dộc_1837.jpg dộc
xoan_1838.jpg xoan
M18A1_1839.jpg M18A1
nhặt_1840.jpg nhặt
mác_1841.jpg mác
diêm-vương_1842.jpg diêm-vương
dạ_1843.jpg dạ
nhồi_1844.jpg nhồi
chồng_1845.jpg chồng
mang_1846.jpg mang
Thoạng_1847.jpg Thoạng
Sành_1848.jpg Sành
guốc_1849.jpg guốc
hấn_1850.jpg hấn
Lại_1851.jpg Lại
Thêm_1852.jpg Thêm
Brigid_1853.jpg Brigid
giáp_1854.jpg giáp
trỏi_1855.jpg trỏi
thơi_1856.jpg thơi
vận_1857.jpg vận
đình_1858.jpg đình
CẬP_1859.jpg CẬP
ngoặc_1860.jpg ngoặc
vali_1861.jpg vali
nhởi_1862.jpg nhởi
kilogam_1863.jpg kilogam
ê-săng-chi-ông_1864.jpg ê-săng-chi-ông
cụm_1865.jpg cụm
gorilla_1866.jpg gorilla
đặm_1867.jpg đặm
Tềnh_1868.jpg Tềnh
CẢNH_1869.jpg CẢNH
Chuế_1870.jpg Chuế
các-bo-nát_1871.jpg các-bo-nát
đứng_1872.jpg đứng
cụ_1873.jpg cụ
phỉ_1874.jpg phỉ
chín_1875.jpg chín
dông_1876.jpg dông
măng-tôn_1877.jpg măng-tôn
KÌNH_1878.jpg KÌNH
kẽo_1879.jpg kẽo
Philistine_1880.jpg Philistine
đựng_1881.jpg đựng
SÔ_1882.jpg SÔ
bõ_1883.jpg bõ
giàu_1884.jpg giàu
Diến_1885.jpg Diến
IUGS_1886.jpg IUGS
an-bom_1887.jpg an-bom
Tấu_1888.jpg Tấu
sẽê_1889.jpg sẽê
XUYÊN_1890.jpg XUYÊN
Cương_1891.jpg Cương
cọng_1892.jpg cọng
Hạ_1893.jpg Hạ
lình_1894.jpg lình
LŨY_1895.jpg LŨY
glô-côm_1896.jpg glô-côm
ngộp_1897.jpg ngộp
cos_1898.jpg cos
THIA_1899.jpg THIA
thuẫn_1900.jpg thuẫn
Phu_1901.jpg Phu
Thiện_1902.jpg Thiện
bứ_1903.jpg bứ
KHOAN_1904.jpg KHOAN
nỉ_1905.jpg nỉ
bở_1906.jpg bở
Lầm_1907.jpg Lầm
lim_1908.jpg lim
Bahrein_1909.jpg Bahrein
trồ_1910.jpg trồ
bành-tô_1911.jpg bành-tô
vườn_1912.jpg vườn
glu-xit_1913.jpg glu-xit
bún_1914.jpg bún
HƯƠN_1915.jpg HƯƠN
nông_1916.jpg nông
Ly_1917.jpg Ly
hole-in-one_1918.jpg hole-in-one
giãy_1919.jpg giãy
plăng_1920.jpg plăng
nghiêng_1921.jpg nghiêng
hân_1922.jpg hân
dặc_1923.jpg dặc
nhô_1924.jpg nhô
PHÚ_1925.jpg PHÚ
rạng_1926.jpg rạng
Fry_1927.jpg Fry
giăm_1928.jpg giăm
được_1929.jpg được
rui_1930.jpg rui
Din_1931.jpg Din
Blowing_1932.jpg Blowing
bro-mua_1933.jpg bro-mua
Cấp_1934.jpg Cấp
Quản_1935.jpg Quản
ca-li-tê_1936.jpg ca-li-tê
SÚNG_1937.jpg SÚNG
chớ_1938.jpg chớ
CẰN_1939.jpg CẰN
lây_1940.jpg lây
THAP_1941.jpg THAP
chổm_1942.jpg chổm
crape_1943.jpg crape
ràng_1944.jpg ràng
mền_1945.jpg mền
Thuot_1946.jpg Thuot
tuốc-năng_1947.jpg tuốc-năng
lơn_1948.jpg lơn
nám_1949.jpg nám
Phiến_1950.jpg Phiến
bẫm_1951.jpg bẫm
Má_1952.jpg Má
Mang_1953.jpg Mang
phịch_1954.jpg phịch
hững_1955.jpg hững
huơu_1956.jpg huơu
ngứ_1957.jpg ngứ
xoã_1958.jpg xoã
nịch_1959.jpg nịch
HUÊ_1960.jpg HUÊ
NGHIỆP_1961.jpg NGHIỆP
Tản_1962.jpg Tản
nhựa_1963.jpg nhựa
ù_1964.jpg ù
Đồi_1965.jpg Đồi
vững_1966.jpg vững
Diên_1967.jpg Diên
vao-trơ_1968.jpg vao-trơ
sashay_1969.jpg sashay
giơ_1970.jpg giơ
hứng_1971.jpg hứng
ma-cà-cúi_1972.jpg ma-cà-cúi
poke_1973.jpg poke
xướng_1974.jpg xướng
kilomet_1975.jpg kilomet
viêm_1976.jpg viêm
ca-tốt_1977.jpg ca-tốt
bạch_1978.jpg bạch
pháy_1979.jpg pháy
lũm_1980.jpg lũm
GIOI_1981.jpg GIOI
ê-cu_1982.jpg ê-cu
rực_1983.jpg rực
Australia_1984.jpg Australia
tiểu_1985.jpg tiểu
LỲ_1986.jpg LỲ
Tích_1987.jpg Tích
Marx_1988.jpg Marx
ngoạm_1989.jpg ngoạm
Tế_1990.jpg Tế
rãnh_1991.jpg rãnh
thuôn_1992.jpg thuôn
tuệ_1993.jpg tuệ
Kế_1994.jpg Kế
cồi_1995.jpg cồi
sô-lít_1996.jpg sô-lít
Bieu_1997.jpg Bieu
LIỆP_1998.jpg LIỆP
ĐIỆP_1999.jpg ĐIỆP
am-phi-bon_2000.jpg am-phi-bon
THƠI_2001.jpg THƠI
cọn_2002.jpg cọn
Sợi_2003.jpg Sợi
ràn_2004.jpg ràn
axit-bazơ_2005.jpg axit-bazơ
tiu_2006.jpg tiu
modem_2007.jpg modem
sơn_2008.jpg sơn
thơi_2009.jpg thơi
dệ_2010.jpg dệ
guarani_2011.jpg guarani
Van_2012.jpg Van
cung_2013.jpg cung
toong_2014.jpg toong
kiến_2015.jpg kiến
mồn_2016.jpg mồn
hùng_2017.jpg hùng
thiện_2018.jpg thiện
Hoãn_2019.jpg Hoãn
Phèo_2020.jpg Phèo
Công_2021.jpg Công
đẩu_2022.jpg đẩu
ì_2023.jpg ì
Tết_2024.jpg Tết
Quỳ_2025.jpg Quỳ
khênh_2026.jpg khênh
khỉ_2027.jpg khỉ
béo_2028.jpg béo
hiểu_2029.jpg hiểu
thuyên_2030.jpg thuyên
Cucumis_2031.jpg Cucumis
côngxon_2032.jpg côngxon
lúc_2033.jpg lúc
loé_2034.jpg loé
XAO_2035.jpg XAO
Đê_2036.jpg Đê
SÍT_2037.jpg SÍT
kíu_2038.jpg kíu
xi-tẹc_2039.jpg xi-tẹc
fen-spat_2040.jpg fen-spat
phô-tô_2041.jpg phô-tô
xichlô_2042.jpg xichlô
Pitman_2043.jpg Pitman
chẩn_2044.jpg chẩn
ka-ki_2045.jpg ka-ki
tuan_2046.jpg tuan
gom_2047.jpg gom
tan_2048.jpg tan
ninh_2049.jpg ninh
lọi_2050.jpg lọi
hụt_2051.jpg hụt
lê-nin-nít_2052.jpg lê-nin-nít
dựa_2053.jpg dựa
Saturniidae_2054.jpg Saturniidae
Lựu_2055.jpg Lựu
pha_2056.jpg pha
Mama_2057.jpg Mama
so_2058.jpg so
Muỗm_2059.jpg Muỗm
Shirley_2060.jpg Shirley
tơn_2061.jpg tơn
Chuế_2062.jpg Chuế
chệnh_2063.jpg chệnh
lóm_2064.jpg lóm
marketing_2065.jpg marketing
dam_2066.jpg dam
Mày_2067.jpg Mày
mánh_2068.jpg mánh
Tri_2069.jpg Tri
sịt_2070.jpg sịt
đỏng_2071.jpg đỏng
nua_2072.jpg nua
ĐẢO_2073.jpg ĐẢO
lất_2074.jpg lất
phẫu_2075.jpg phẫu
thì_2076.jpg thì
Soạn_2077.jpg Soạn
chuộc_2078.jpg chuộc
ĐỂ_2079.jpg ĐỂ
Răm_2080.jpg Răm
Dũ_2081.jpg Dũ
PHIÊN_2082.jpg PHIÊN
ngoạm_2083.jpg ngoạm
ngồn_2084.jpg ngồn
Búng_2085.jpg Búng
Rọng_2086.jpg Rọng
đỉnh_2087.jpg đỉnh
WFSW_2088.jpg WFSW
Rai_2089.jpg Rai
voọc_2090.jpg voọc
Ngục_2091.jpg Ngục
crêp_2092.jpg crêp
nN_2093.jpg nN
nhối_2094.jpg nhối
sẽê_2095.jpg sẽê
cu-lít_2096.jpg cu-lít
xán_2097.jpg xán
Bê_2098.jpg Bê
vị_2099.jpg vị
đẽo_2100.jpg đẽo
chét_2101.jpg chét
gục_2102.jpg gục
pha-đinh_2103.jpg pha-đinh
khệch_2104.jpg khệch
quặng_2105.jpg quặng
nợ_2106.jpg nợ
Male_2107.jpg Male
Mài_2108.jpg Mài
lìm_2109.jpg lìm
Nhì_2110.jpg Nhì
rùng_2111.jpg rùng
hỏn_2112.jpg hỏn
cặt_2113.jpg cặt
nhẵn_2114.jpg nhẵn
Grass_2115.jpg Grass
lắng_2116.jpg lắng
HA_2117.jpg HA
ngập_2118.jpg ngập
JACQUELINE_2119.jpg JACQUELINE
xupap_2120.jpg xupap
vung_2121.jpg vung
triangle_2122.jpg triangle
trôi_2123.jpg trôi
CÔMG_2124.jpg CÔMG
Jugoslavia_2125.jpg Jugoslavia
Ellen_Price_Wood_2126.jpg Ellen_Price_Wood
BÀNG_2127.jpg BÀNG
luỗng_2128.jpg luỗng
ancaloit_2129.jpg ancaloit
thổ_2130.jpg thổ
Tinh_2131.jpg Tinh
Elmer_Reizenstein_2132.jpg Elmer_Reizenstein
THIÊU_2133.jpg THIÊU
lô_2134.jpg lô
tụt_2135.jpg tụt
sẻ_2136.jpg sẻ
Thiên_2137.jpg Thiên
Ashcan_2138.jpg Ashcan
Chămpa_2139.jpg Chămpa
nhão_2140.jpg nhão
cẫng_2141.jpg cẫng
bờm_2142.jpg bờm
nhùng_2143.jpg nhùng
Trĩ_2144.jpg Trĩ
bowling_2145.jpg bowling
xó_2146.jpg xó
Lước_2147.jpg Lước
lốt_2148.jpg lốt
30_2149.jpg 30
e-ste_2150.jpg e-ste
loắn_2151.jpg loắn
tháng_2152.jpg tháng
hiaxin_2153.jpg hiaxin
Đẹt_2154.jpg Đẹt
váp_2155.jpg váp
đuột_2156.jpg đuột
Empire_2157.jpg Empire
đội_2158.jpg đội
sẽê_2159.jpg sẽê
bấu_2160.jpg bấu
rôti_2161.jpg rôti
sậy_2162.jpg sậy
Áng_2163.jpg Áng
TỂ_2164.jpg TỂ
CUỔI_2165.jpg CUỔI
hách_2166.jpg hách
Tẻh_2167.jpg Tẻh
dũng_2168.jpg dũng
cùn_2169.jpg cùn
Down_2170.jpg Down
trao_2171.jpg trao
tươi_2172.jpg tươi
DỶ_2173.jpg DỶ
nhượng_2174.jpg nhượng
rông-đen_2175.jpg rông-đen
Lay_2176.jpg Lay
tựu_2177.jpg tựu
Oánh_2178.jpg Oánh
arbit_2179.jpg arbit
ân_2180.jpg ân
bazan_2181.jpg bazan
dư_2182.jpg dư
rót_2183.jpg rót
bún_2184.jpg bún
XTiêng_2185.jpg XTiêng
CƯƠNG_2186.jpg CƯƠNG
mocphin_2187.jpg mocphin
Ngày_2188.jpg Ngày
B'Lao_2189.jpg B'Lao
hoang_2190.jpg hoang
Rịu_2191.jpg Rịu
A-sin_2192.jpg A-sin
Vệ_2193.jpg Vệ
Kênh_2194.jpg Kênh
Đệch_2195.jpg Đệch
bặp_2196.jpg bặp
lấy_2197.jpg lấy
CHĂC_2198.jpg CHĂC
A-la-hán_2199.jpg A-la-hán
vùn_2200.jpg vùn
Mississippi_2201.jpg Mississippi
Eurasia_2202.jpg Eurasia
Cư-rơ-gư-dơ-xtan_2203.jpg Cư-rơ-gư-dơ-xtan
dirham_2204.jpg dirham
pơ_2205.jpg pơ
Giày_2206.jpg Giày
thểu_2207.jpg thểu
nhật_2208.jpg nhật
Phờ-lin_2209.jpg Phờ-lin
Từ_2210.jpg Từ
florin_2211.jpg florin
cừ_2212.jpg cừ
lối_2213.jpg lối
gẩy_2214.jpg gẩy
ka-ki_2215.jpg ka-ki
giác_2216.jpg giác
Nấm_2217.jpg Nấm
Tái_2218.jpg Tái
Lê-ba-nông_2219.jpg Lê-ba-nông
phương_2220.jpg phương
viết_2221.jpg viết
chẳn_2222.jpg chẳn
silic_2223.jpg silic
trèo_2224.jpg trèo
kiss_2225.jpg kiss
nẫng_2226.jpg nẫng
niềm_2227.jpg niềm
xaphia_2228.jpg xaphia
hormon_2229.jpg hormon
khàn_2230.jpg khàn
Pi_2231.jpg Pi
mền_2232.jpg mền
vẹc_2233.jpg vẹc
ga_2234.jpg ga
trục_2235.jpg trục
THẢI_2236.jpg THẢI
HẢN_2237.jpg HẢN
gích_2238.jpg gích
Rung_2239.jpg Rung
1977_2240.jpg 1977
tràng_2241.jpg tràng
thoả_2242.jpg thoả
Giảm_2243.jpg Giảm
Blô_2244.jpg Blô
Khôống_2245.jpg Khôống
hực_2246.jpg hực
bồn_2247.jpg bồn
ệch_2248.jpg ệch
BÁU_2249.jpg BÁU
NHẬP_2250.jpg NHẬP
dót_2251.jpg dót
ghẹo_2252.jpg ghẹo
ngác_2253.jpg ngác
commăng_2254.jpg commăng
mẹp_2255.jpg mẹp
Stanford_White_2256.jpg Stanford_White
nhời_2257.jpg nhời
côve_2258.jpg côve
sòm_2259.jpg sòm
tướng_2260.jpg tướng
James_Watt_2261.jpg James_Watt
grand_2262.jpg grand
TỔNG_2263.jpg TỔNG
Ti-mo_2264.jpg Ti-mo
nhạc_2265.jpg nhạc
Gustav_Ludwig_Hertz_2266.jpg Gustav_Ludwig_Hertz
rãnh_2267.jpg rãnh
án_2268.jpg án
chìm_2269.jpg chìm
Phứơc_2270.jpg Phứơc
mìn_2271.jpg mìn
guđron_2272.jpg guđron
khúng_2273.jpg khúng
viện_2274.jpg viện
đọn_2275.jpg đọn
háp_2276.jpg háp
mượt_2277.jpg mượt
thợt_2278.jpg thợt
xi-tô-xin_2279.jpg xi-tô-xin
tổn_2280.jpg tổn
ca-phê-in_2281.jpg ca-phê-in
lô-ga-rít_2282.jpg lô-ga-rít
jean_2283.jpg jean
thóc_2284.jpg thóc
hỷ_2285.jpg hỷ
kề_2286.jpg kề
NHẬN_2287.jpg NHẬN
xoã_2288.jpg xoã
Mức_2289.jpg Mức
xtucô_2290.jpg xtucô
VIẾT_2291.jpg VIẾT
chược_2292.jpg chược
nhóng_2293.jpg nhóng
Gunter_2294.jpg Gunter
GIỎI_2295.jpg GIỎI
Carry_Nation_2296.jpg Carry_Nation
hoác_2297.jpg hoác
ba-ga_2298.jpg ba-ga
ngạt_2299.jpg ngạt
Giê-hô-va_2300.jpg Giê-hô-va
cuốn_2301.jpg cuốn
Vần_2302.jpg Vần
Huoai_2303.jpg Huoai
già_2304.jpg già
lỗi_2305.jpg lỗi
ngan_2306.jpg ngan
tỏng_2307.jpg tỏng
gẩy_2308.jpg gẩy
tham_2309.jpg tham
Lãm_2310.jpg Lãm
óe_2311.jpg óe
sượt_2312.jpg sượt
thú_2313.jpg thú
hoan_2314.jpg hoan
cù_2315.jpg cù
phét_2316.jpg phét
dấp_2317.jpg dấp
đọp_2318.jpg đọp
dalasi_2319.jpg dalasi
glaucom_2320.jpg glaucom
bán_2321.jpg bán
lành_2322.jpg lành
hecta_2323.jpg hecta
cả_2324.jpg cả
BANG_2325.jpg BANG
dẩm_2326.jpg dẩm
môđun_2327.jpg môđun
quẳng_2328.jpg quẳng
bẹ_2329.jpg bẹ
matxa_2330.jpg matxa
proteaza_2331.jpg proteaza
KIỂU_2332.jpg KIỂU
cedi_2333.jpg cedi
gươm_2334.jpg gươm
coupon_2335.jpg coupon
CPU_2336.jpg CPU
dành_2337.jpg dành
Đẹp_2338.jpg Đẹp
HỔN_2339.jpg HỔN
ruy-bờ-rích_2340.jpg ruy-bờ-rích
Loài_2341.jpg Loài
Cygnus_2342.jpg Cygnus
Thới_2343.jpg Thới
PIN_2344.jpg PIN
poa-nhê_2345.jpg poa-nhê
BƯỜNG_2346.jpg BƯỜNG
Lươn_2347.jpg Lươn
thầu_2348.jpg thầu
GẠO_2349.jpg GẠO
Huyến_2350.jpg Huyến
XỊ_2351.jpg XỊ
tầy_2352.jpg tầy
Bóng_2353.jpg Bóng
dụ_2354.jpg dụ
lom_2355.jpg lom
ải_2356.jpg ải
vi-ô-lét_2357.jpg vi-ô-lét
LỲ_2358.jpg LỲ
Tấn_2359.jpg Tấn
Lặc_2360.jpg Lặc
6_2361.jpg 6
Nờ_2362.jpg Nờ
Ka_2363.jpg Ka
tá_2364.jpg tá
đại_2365.jpg đại
Nội_2366.jpg Nội
Cẩm_2367.jpg Cẩm
Mồng_2368.jpg Mồng
Kế_2369.jpg Kế
Đài_2370.jpg Đài
xế_2371.jpg xế
ĐIỀM_2372.jpg ĐIỀM
Cãnh_2373.jpg Cãnh
ve_2374.jpg ve
suất_2375.jpg suất
Hư_2376.jpg Hư
quét_2377.jpg quét
sòn_2378.jpg sòn
ga-ba-đin_2379.jpg ga-ba-đin
ếnh_2380.jpg ếnh
nánh_2381.jpg nánh
Nể_2382.jpg Nể
đềnh_2383.jpg đềnh
Mọc_2384.jpg Mọc
hẫng_2385.jpg hẫng
trám_2386.jpg trám
xăng-tan_2387.jpg xăng-tan
ba-toong_2388.jpg ba-toong
hạng_2389.jpg hạng
sừng_2390.jpg sừng
nguyên_2391.jpg nguyên
Nxb_2392.jpg Nxb
khá_2393.jpg khá
vằng_2394.jpg vằng
dơ_2395.jpg dơ
hoác_2396.jpg hoác
GIÁ_2397.jpg GIÁ
rận_2398.jpg rận
xamôva_2399.jpg xamôva
HÔNHG_2400.jpg HÔNHG
TRỪNG_2401.jpg TRỪNG
rột_2402.jpg rột
Lucifer_2403.jpg Lucifer
Roger_2404.jpg Roger
ô-lim-pích_2405.jpg ô-lim-pích
bạn_2406.jpg bạn
Trục_2407.jpg Trục
Frederick_North_2408.jpg Frederick_North
ung_2409.jpg ung
Cơ-don_2410.jpg Cơ-don
la-mã_2411.jpg la-mã
NHÃN_2412.jpg NHÃN
toái_2413.jpg toái
ngô_2414.jpg ngô
truột_2415.jpg truột
Móoc_2416.jpg Móoc
organ_2417.jpg organ
phơn_2418.jpg phơn
đinh_2419.jpg đinh
đọa_2420.jpg đọa
đoá_2421.jpg đoá
quện_2422.jpg quện
ôi_2423.jpg ôi
xới_2424.jpg xới
fomol_2425.jpg fomol
javel_2426.jpg javel
liếng_2427.jpg liếng
rand_2428.jpg rand
nhày_2429.jpg nhày
đậm_2430.jpg đậm
xấu_2431.jpg xấu
woodcock_2432.jpg woodcock
cuội_2433.jpg cuội
nhủ_2434.jpg nhủ
gằm_2435.jpg gằm
huyền_2436.jpg huyền
Thạch_2437.jpg Thạch
xôi_2438.jpg xôi
mo-no-me_2439.jpg mo-no-me
lân_2440.jpg lân
ma-măng_2441.jpg ma-măng
hòe_2442.jpg hòe
NGHỈ_2443.jpg NGHỈ
brahman_2444.jpg brahman
lari_2445.jpg lari
đìu_2446.jpg đìu
bẹt_2447.jpg bẹt
Thomas_Kyd_2448.jpg Thomas_Kyd
LÁ_2449.jpg LÁ
chỏi_2450.jpg chỏi
kẻo_2451.jpg kẻo
Gioan_2452.jpg Gioan
tránh_2453.jpg tránh
bôn_2454.jpg bôn
mâu_2455.jpg mâu
gấu_2456.jpg gấu
cầy_2457.jpg cầy
rưới_2458.jpg rưới
võ_2459.jpg võ
phảng_2460.jpg phảng
gặng_2461.jpg gặng
nguội_2462.jpg nguội
tiến_2463.jpg tiến
xaphia_2464.jpg xaphia
Ngục_2465.jpg Ngục
Chằm_2466.jpg Chằm
strip_2467.jpg strip
chạnh_2468.jpg chạnh
mã_2469.jpg mã
đèo_2470.jpg đèo
Tyre_2471.jpg Tyre
a-xit_2472.jpg a-xit
Mực_2473.jpg Mực
díu_2474.jpg díu
ngoặc_2475.jpg ngoặc
tất_2476.jpg tất
lặp_2477.jpg lặp
lê_2478.jpg lê
Ngọc_2479.jpg Ngọc
vệt_2480.jpg vệt
nhẵn_2481.jpg nhẵn
rẫy_2482.jpg rẫy
Oa_2483.jpg Oa
BẤT_2484.jpg BẤT
Kura_2485.jpg Kura
quỵt_2486.jpg quỵt
rãi_2487.jpg rãi
Cl_2488.jpg Cl
rểnh_2489.jpg rểnh
thản_2490.jpg thản
Alfred_Hawthorne_2491.jpg Alfred_Hawthorne
Ngưu_2492.jpg Ngưu
Dầu_2493.jpg Dầu
Bất_2494.jpg Bất
miều_2495.jpg miều
Dóng_2496.jpg Dóng
lót_2497.jpg lót
che_2498.jpg che
thẹo_2499.jpg thẹo
Bô-nô-đi_2500.jpg Bô-nô-đi
puli_2501.jpg puli
macô_2502.jpg macô
lanh-tô_2503.jpg lanh-tô
sì-cút_2504.jpg sì-cút
nhô_2505.jpg nhô
tai_2506.jpg tai
què_2507.jpg què
les_2508.jpg les
đam_2509.jpg đam
tuệ_2510.jpg tuệ
trét_2511.jpg trét
át-mốt-phe_2512.jpg át-mốt-phe
neutron_2513.jpg neutron
rẹt_2514.jpg rẹt
khiển_2515.jpg khiển
vảng_2516.jpg vảng
bò_2517.jpg bò
cóng_2518.jpg cóng
mọc_2519.jpg mọc
mưa_2520.jpg mưa
Cải_2521.jpg Cải
ghình_2522.jpg ghình
ngổn_2523.jpg ngổn
sôpphơ_2524.jpg sôpphơ
chế_2525.jpg chế
GMT_2526.jpg GMT
mũi_2527.jpg mũi
tươì_2528.jpg tươì
bạt_2529.jpg bạt
rổ_2530.jpg rổ
nghẹ_2531.jpg nghẹ
a-văng_2532.jpg a-văng
ấp_2533.jpg ấp
kiện_2534.jpg kiện
phông-xon-ne_2535.jpg phông-xon-ne
lúc_2536.jpg lúc
LỤT_2537.jpg LỤT
vắt_2538.jpg vắt
KỶ_2539.jpg KỶ
sạn_2540.jpg sạn
phỉnh_2541.jpg phỉnh
hàm_2542.jpg hàm
ôm_2543.jpg ôm
ĐỰC_2544.jpg ĐỰC
cúm_2545.jpg cúm
nhợp_2546.jpg nhợp
ti-gôn_2547.jpg ti-gôn
ozon_2548.jpg ozon
Tày-Thái_2549.jpg Tày-Thái
Trăng_2550.jpg Trăng
mixta_2551.jpg mixta
vớ_2552.jpg vớ
thám_2553.jpg thám
đập_2554.jpg đập
xin_2555.jpg xin
hôn_2556.jpg hôn
RẢ_2557.jpg RẢ
băm_2558.jpg băm
dâm_2559.jpg dâm
O_2560.jpg O
dầm_2561.jpg dầm
sưng_2562.jpg sưng
rối_2563.jpg rối
Independence_2564.jpg Independence
Richard_2565.jpg Richard
quýt_2566.jpg quýt
cuộn_2567.jpg cuộn
choen_2568.jpg choen
xê-rê-nát_2569.jpg xê-rê-nát
nghiên_2570.jpg nghiên
khèng_2571.jpg khèng
staccato_2572.jpg staccato
trạo_2573.jpg trạo
thai_2574.jpg thai
Xước_2575.jpg Xước
của_2576.jpg của
Cương_2577.jpg Cương
sài-gòn_2578.jpg sài-gòn
lề_2579.jpg lề
én_2580.jpg én
Kót_2581.jpg Kót
Dửng_2582.jpg Dửng
khang_2583.jpg khang
xộp_2584.jpg xộp
phế_2585.jpg phế
cời_2586.jpg cời
Đón_2587.jpg Đón
choắc_2588.jpg choắc
khẩn_2589.jpg khẩn
canon_2590.jpg canon
TRONG_2591.jpg TRONG
nhốp_2592.jpg nhốp
NHIẾN_2593.jpg NHIẾN
ti-gôn_2594.jpg ti-gôn
sán_2595.jpg sán
phú_2596.jpg phú
Nực_2597.jpg Nực
RỈ_2598.jpg RỈ
Z_2599.jpg Z
riêng_2600.jpg riêng
máy_2601.jpg máy
BACH_2602.jpg BACH
chế._2603.jpg chế.
riếu_2604.jpg riếu
Bảnh_2605.jpg Bảnh
khá_2606.jpg khá
đúm_2607.jpg đúm
quất_2608.jpg quất
xú-vơ-nia_2609.jpg xú-vơ-nia
trê_2610.jpg trê
HIẾU_2611.jpg HIẾU
đọ_2612.jpg đọ
Biên_2613.jpg Biên
cà-ri_2614.jpg cà-ri
bùa_2615.jpg bùa
nhõng_2616.jpg nhõng
LO_2617.jpg LO
TOAN_2618.jpg TOAN
nhỏng_2619.jpg nhỏng
Lát_2620.jpg Lát
robotic_2621.jpg robotic
hiêng_2622.jpg hiêng
cocktail_2623.jpg cocktail
cỗ_2624.jpg cỗ
brit_2625.jpg brit
tải]_2626.jpg tải]
róng_2627.jpg róng
HOẠN_2628.jpg HOẠN
mê-măng-tô_2629.jpg mê-măng-tô
may-so_2630.jpg may-so
mòi_2631.jpg mòi
GƠ_2632.jpg GƠ
Gòn_2633.jpg Gòn
điệp_2634.jpg điệp
nghếch_2635.jpg nghếch
polisaccarit_2636.jpg polisaccarit
hỏ_2637.jpg hỏ
xin_2638.jpg xin
ôxi_2639.jpg ôxi
Phi_2640.jpg Phi
giéo_2641.jpg giéo
cước_2642.jpg cước
Dịnh_2643.jpg Dịnh
Ngân_2644.jpg Ngân
ẹt_2645.jpg ẹt
Yen_2646.jpg Yen
sẹm_2647.jpg sẹm
Kiện_2648.jpg Kiện
bỗ_2649.jpg bỗ
rêu_2650.jpg rêu
DỤNG_2651.jpg DỤNG
Cảo_2652.jpg Cảo
nhẩy_2653.jpg nhẩy
mệt_2654.jpg mệt
cricke_2655.jpg cricke
nghiền_2656.jpg nghiền
Adun_2657.jpg Adun
Đuống_2658.jpg Đuống
NHẠC_2659.jpg NHẠC
NGƠI_2660.jpg NGƠI
Leontyne_Price_2661.jpg Leontyne_Price
suy_2662.jpg suy
xoe_2663.jpg xoe
hạnh_2664.jpg hạnh
Thư_2665.jpg Thư
Trù_2666.jpg Trù
séo_2667.jpg séo
tiện_2668.jpg tiện
cảng_2669.jpg cảng
nhị_2670.jpg nhị
phúc_2671.jpg phúc
nhốn_2672.jpg nhốn
Hạc_2673.jpg Hạc
clorua_2674.jpg clorua
thẻ_2675.jpg thẻ
Amun_2676.jpg Amun
đôm_2677.jpg đôm
lỉnh_2678.jpg lỉnh
Rớt_2679.jpg Rớt
lót_2680.jpg lót
Bún_2681.jpg Bún
Male_2682.jpg Male
Day_2683.jpg Day
CƯU_2684.jpg CƯU
hun_2685.jpg hun
ĐỘ_2686.jpg ĐỘ
nhơi_2687.jpg nhơi
6631_2688.jpg 6631
X_2689.jpg X
huyết_2690.jpg huyết
chum_2691.jpg chum
the_2692.jpg the
ADAM_2693.jpg ADAM
thuyền_2694.jpg thuyền
Thmay_2695.jpg Thmay
hịch_2696.jpg hịch
alđôhexoza_2697.jpg alđôhexoza
quýt_2698.jpg quýt
đẵng_2699.jpg đẵng
đẫn_2700.jpg đẫn
Đức_2701.jpg Đức
Động-Chúc_2702.jpg Động-Chúc
bói_2703.jpg bói
chẵn_2704.jpg chẵn
ngoáo_2705.jpg ngoáo
Cái_2706.jpg Cái
may-on-ne_2707.jpg may-on-ne
ni-lon_2708.jpg ni-lon
Vàng_2709.jpg Vàng
ung_2710.jpg ung
E.S.P._2711.jpg E.S.P.
rọt_2712.jpg rọt
nết_2713.jpg nết
cấn_2714.jpg cấn
đề-sạc_2715.jpg đề-sạc
viết_2716.jpg viết
Pres_Young_2717.jpg Pres_Young
phế_2718.jpg phế
format_2719.jpg format
át-mốt-phe_2720.jpg át-mốt-phe
cúi_2721.jpg cúi
chổng_2722.jpg chổng
glucoza_2723.jpg glucoza
gút_2724.jpg gút
culon_2725.jpg culon
biếng_2726.jpg biếng
hem_2727.jpg hem
QUƠN_2728.jpg QUƠN
Cũ_2729.jpg Cũ
khoèo_2730.jpg khoèo
gác-xon-nê_2731.jpg gác-xon-nê
cờ-lê_2732.jpg cờ-lê
diềng_2733.jpg diềng
sừn_2734.jpg sừn
cạp_2735.jpg cạp
thắng_2736.jpg thắng
un_2737.jpg un
Ngang_2738.jpg Ngang
Cảm_2739.jpg Cảm
téo_2740.jpg téo
bợm_2741.jpg bợm
héc-tô-mét_2742.jpg héc-tô-mét
scrabble_2743.jpg scrabble
Phiển_2744.jpg Phiển
sạt_2745.jpg sạt
ục_2746.jpg ục
Hửu_2747.jpg Hửu
ươm_2748.jpg ươm
thơm_2749.jpg thơm
PHU_2750.jpg PHU
gram_2751.jpg gram
pygerythrus_2752.jpg pygerythrus
Chi_2753.jpg Chi
đụng_2754.jpg đụng
NGÂU_2755.jpg NGÂU
cứng_2756.jpg cứng
hẹ_2757.jpg hẹ
ngai_2758.jpg ngai
tuyệt_2759.jpg tuyệt
lui_2760.jpg lui
can-kê_2761.jpg can-kê
xtơ-rết_2762.jpg xtơ-rết
múi_2763.jpg múi
xilanh_2764.jpg xilanh
CẦN_2765.jpg CẦN
KHẤU_2766.jpg KHẤU
Thần_2767.jpg Thần
a-pa-tít_2768.jpg a-pa-tít
mô_2769.jpg mô
biptêt_2770.jpg biptêt
Coca_2771.jpg Coca
lửng_2772.jpg lửng
Bộng_2773.jpg Bộng
nghiện_2774.jpg nghiện
savory_2775.jpg savory
nghỉm_2776.jpg nghỉm
HƯƠNG_2777.jpg HƯƠNG
ngụt_2778.jpg ngụt
miệng_2779.jpg miệng
bợm_2780.jpg bợm
xinh_2781.jpg xinh
chiểu_2782.jpg chiểu
Lát_2783.jpg Lát
chu_2784.jpg chu
HOÀI_2785.jpg HOÀI
Thổ_2786.jpg Thổ
Tạc_2787.jpg Tạc
Túc_2788.jpg Túc
triển_2789.jpg triển
kilowatt_2790.jpg kilowatt
Tái_2791.jpg Tái
tinh_2792.jpg tinh
Thuấn_2793.jpg Thuấn
cà-phê_2794.jpg cà-phê
alđôhexoza_2795.jpg alđôhexoza
si-líc_2796.jpg si-líc
RƯƠNG_2797.jpg RƯƠNG
dàng_2798.jpg dàng
ra-đi-om_2799.jpg ra-đi-om
kẻm_2800.jpg kẻm
Sue_2801.jpg Sue
Lát_2802.jpg Lát
brôm_2803.jpg brôm
đỉa_2804.jpg đỉa
ngậy_2805.jpg ngậy
xê-mi-ne_2806.jpg xê-mi-ne
bịn_2807.jpg bịn
Thẩm_2808.jpg Thẩm
Cy_Young_2809.jpg Cy_Young
trầm_2810.jpg trầm
size_2811.jpg size
Bỏ_2812.jpg Bỏ
Lóng_2813.jpg Lóng
catxet_2814.jpg catxet
Chùa_2815.jpg Chùa
Di_2816.jpg Di
anđôza_2817.jpg anđôza
nàn_2818.jpg nàn
Mul_2819.jpg Mul
KIM_2820.jpg KIM
đai_2821.jpg đai
Ai-len_2822.jpg Ai-len
ghệch_2823.jpg ghệch
quýu_2824.jpg quýu
video_2825.jpg video
rương_2826.jpg rương
Khương_2827.jpg Khương
Cham_2828.jpg Cham
thầy_2829.jpg thầy
mỏng_2830.jpg mỏng
KHUYÊN_2831.jpg KHUYÊN
lạch_2832.jpg lạch
nỏ_2833.jpg nỏ
phưng_2834.jpg phưng
chùng_2835.jpg chùng
l_2836.jpg l
Cuông_2837.jpg Cuông
Glei_2838.jpg Glei
cà_2839.jpg cà
Xúc_2840.jpg Xúc
lập_2841.jpg lập
CHÓ_2842.jpg CHÓ
NƯNG_2843.jpg NƯNG
Lịch_2844.jpg Lịch
rùm_2845.jpg rùm
Naga_2846.jpg Naga
cãi_2847.jpg cãi
Trẹm_2848.jpg Trẹm
chụt_2849.jpg chụt
bơn_2850.jpg bơn
sông_2851.jpg sông
Chỉ_2852.jpg Chỉ
Lugh_2853.jpg Lugh
duỗi_2854.jpg duỗi
THƯỞNG_2855.jpg THƯỞNG
xiểm_2856.jpg xiểm
xèng_2857.jpg xèng
TIẾU_2858.jpg TIẾU
carat_2859.jpg carat
Bôn_2860.jpg Bôn
súp_2861.jpg súp
Trà_2862.jpg Trà
Hẻo_2863.jpg Hẻo
Tướng_2864.jpg Tướng
ước_2865.jpg ước
nai_2866.jpg nai
ném_2867.jpg ném
Quýt_2868.jpg Quýt
trẩy_2869.jpg trẩy
dờn_2870.jpg dờn
Quao_2871.jpg Quao
no_2872.jpg no
quếu_2873.jpg quếu
MỨT_2874.jpg MỨT
lanh_2875.jpg lanh
bít-quy_2876.jpg bít-quy
mọc_2877.jpg mọc
ni-cô-tin_2878.jpg ni-cô-tin
ouguiya_2879.jpg ouguiya
hụt_2880.jpg hụt
kg_2881.jpg kg
Riêu_2882.jpg Riêu
xũ_2883.jpg xũ
dobra_2884.jpg dobra
Đệch_2885.jpg Đệch
Bính_2886.jpg Bính
rỉ_2887.jpg rỉ
quí_2888.jpg quí
DƯ_2889.jpg DƯ
khừng_2890.jpg khừng
THOAN_2891.jpg THOAN
pan-ca_2892.jpg pan-ca
Hoãn_2893.jpg Hoãn
ụa_2894.jpg ụa
li-mu-din_2895.jpg li-mu-din
chuôi_2896.jpg chuôi
Polygonia_comma_2897.jpg Polygonia_comma
mè_2898.jpg mè
khàng_2899.jpg khàng
TIỄN_2900.jpg TIỄN
trần_2901.jpg trần
xương_2902.jpg xương
THÁNG_2903.jpg THÁNG
THẦN_2904.jpg THẦN
malanh_2905.jpg malanh
Phả_2906.jpg Phả
thoi_2907.jpg thoi
Chúa_2908.jpg Chúa
nộ_2909.jpg nộ
rù_2910.jpg rù
thần_2911.jpg thần
QUÝT_2912.jpg QUÝT
đ_2913.jpg đ
rào_2914.jpg rào
ca-ta-lô_2915.jpg ca-ta-lô
ngoạn_2916.jpg ngoạn
tăn_2917.jpg tăn
Ty_2918.jpg Ty
Spark_2919.jpg Spark
Sâu_2920.jpg Sâu
candle_2921.jpg candle
Ní_2922.jpg Ní
gồm_2923.jpg gồm
đồn_2924.jpg đồn
nghễ_2925.jpg nghễ
Thom_2926.jpg Thom
Kirgizia_2927.jpg Kirgizia
Lài_2928.jpg Lài
Brao_2929.jpg Brao
Liệt_2930.jpg Liệt
Võ_2931.jpg Võ
bắn_2932.jpg bắn
dựa_2933.jpg dựa
tư_2934.jpg tư
Mino_2935.jpg Mino
ruy-bờ-rích_2936.jpg ruy-bờ-rích
quẫn_2937.jpg quẫn
Min_2938.jpg Min
xồn_2939.jpg xồn
kalium_2940.jpg kalium
rạy_2941.jpg rạy
vừa_2942.jpg vừa
nơm_2943.jpg nơm
QUĂNG_2944.jpg QUĂNG
xăng-tan_2945.jpg xăng-tan
khơ_2946.jpg khơ
dặc_2947.jpg dặc
John_Milton_Cage_Jr._2948.jpg John_Milton_Cage_Jr.
Nhầm_2949.jpg Nhầm
cota_2950.jpg cota
măng-gan_2951.jpg măng-gan
Khơmụ_2952.jpg Khơmụ
Edward_2953.jpg Edward
ngổn_2954.jpg ngổn
Don_Marquis_2955.jpg Don_Marquis
Việt-nam_2956.jpg Việt-nam
manh_2957.jpg manh
bảu_2958.jpg bảu
lè_2959.jpg lè
gau_2960.jpg gau
Gái_2961.jpg Gái
quinacrin_2962.jpg quinacrin
nai_2963.jpg nai
bung_2964.jpg bung
chạnh_2965.jpg chạnh
samovar_2966.jpg samovar
NƯNG_2967.jpg NƯNG
nhạo_2968.jpg nhạo
bờm_2969.jpg bờm
nhay_2970.jpg nhay
Duyệt_2971.jpg Duyệt
lỉm_2972.jpg lỉm
trioxit_2973.jpg trioxit
thứ_2974.jpg thứ
bến_2975.jpg bến
quạng_2976.jpg quạng
M'gar_2977.jpg M'gar
xía_2978.jpg xía
trườn_2979.jpg trườn
CHÙI_2980.jpg CHÙI
siếc_2981.jpg siếc
Bu_2982.jpg Bu
sự_2983.jpg sự
hipôclorit_2984.jpg hipôclorit
thoát_2985.jpg thoát
chon_2986.jpg chon
bạn_2987.jpg bạn
sa-ca-rô-da_2988.jpg sa-ca-rô-da
giàn_2989.jpg giàn
morse_2990.jpg morse
khát_2991.jpg khát
phác_2992.jpg phác
ệch_2993.jpg ệch
tầm_2994.jpg tầm
physicalism_2995.jpg physicalism
ĐIỀU_2996.jpg ĐIỀU
ngưa_2997.jpg ngưa
DIỄM_2998.jpg DIỄM
Michel_2999.jpg Michel
rạn_3000.jpg rạn
ôm-kế_3001.jpg ôm-kế
Bồ_3002.jpg Bồ
mỉa_3003.jpg mỉa
Gắt_3004.jpg Gắt
Thuột_3005.jpg Thuột
tam_3006.jpg tam
Ngon_3007.jpg Ngon
rủi_3008.jpg rủi
găn_3009.jpg găn
Tánh_3010.jpg Tánh
găng-tơ_3011.jpg găng-tơ
tăn_3012.jpg tăn
Oanh_3013.jpg Oanh
LIỄN_3014.jpg LIỄN
GIẾNG_3015.jpg GIẾNG
Thắng_3016.jpg Thắng
Frank_3017.jpg Frank
Ẩm_3018.jpg Ẩm
Vẽ_3019.jpg Vẽ
THÚY_3020.jpg THÚY
rêu_3021.jpg rêu
thạnh_3022.jpg thạnh
Riếm_3023.jpg Riếm
nghe_3024.jpg nghe
thiều_3025.jpg thiều
Đốc_3026.jpg Đốc
KHỞI_3027.jpg KHỞI
LÂN_3028.jpg LÂN
kaki_3029.jpg kaki
núm_3030.jpg núm
so_3031.jpg so
Nghé_3032.jpg Nghé
Sự_3033.jpg Sự
Lập_3034.jpg Lập
cậu_3035.jpg cậu
dạ_3036.jpg dạ
téc_3037.jpg téc
THẦM_3038.jpg THẦM
từ_3039.jpg từ
bể_3040.jpg bể
Sỹ_3041.jpg Sỹ
idaeus_3042.jpg idaeus
rồng_3043.jpg rồng
Mollah_3044.jpg Mollah
Ixraen_3045.jpg Ixraen
đờ-măng_3046.jpg đờ-măng
Tượng_3047.jpg Tượng
TƯ_3048.jpg TƯ
ĐỔ_3049.jpg ĐỔ
lỏn_3050.jpg lỏn
persica_3051.jpg persica
độp_3052.jpg độp
ĐẪM_3053.jpg ĐẪM
đivăng_3054.jpg đivăng
SẢO_3055.jpg SẢO
KẾT_3056.jpg KẾT
chụt_3057.jpg chụt
NICOLE_3058.jpg NICOLE
bem_3059.jpg bem
Lòng_3060.jpg Lòng
Nhiển_3061.jpg Nhiển
mi-crông_3062.jpg mi-crông
đi-ốt_3063.jpg đi-ốt
cồ_3064.jpg cồ
thả_3065.jpg thả
đoán_3066.jpg đoán
HOANH_3067.jpg HOANH
MÉO_3068.jpg MÉO
cọp_3069.jpg cọp
ngổ_3070.jpg ngổ
Tặng_3071.jpg Tặng
trưởnc_3072.jpg trưởnc
dán_3073.jpg dán
Êm_3074.jpg Êm
hoẵng_3075.jpg hoẵng
sơ-va-lê_3076.jpg sơ-va-lê
Thiềm_3077.jpg Thiềm
PHÁT_3078.jpg PHÁT
bugi_3079.jpg bugi
gập_3080.jpg gập
xêri_3081.jpg xêri
Yecxanh_3082.jpg Yecxanh
HIỂN_3083.jpg HIỂN
lắm_3084.jpg lắm
thoắng_3085.jpg thoắng
quáo_3086.jpg quáo
trồi_3087.jpg trồi
KHÓI_3088.jpg KHÓI
Huỳnh_3089.jpg Huỳnh
lồm_3090.jpg lồm
giun_3091.jpg giun
Đế_3092.jpg Đế
trùm_3093.jpg trùm
giu-đô_3094.jpg giu-đô
can-ke_3095.jpg can-ke
CHIÊM_3096.jpg CHIÊM
quạnh_3097.jpg quạnh
cô-ca-in_3098.jpg cô-ca-in
tớ_3099.jpg tớ
bụng_3100.jpg bụng
cải_3101.jpg cải
ệnh_3102.jpg ệnh
giác_3103.jpg giác
ĐAT_3104.jpg ĐAT
khuỷu_3105.jpg khuỷu
xê_3106.jpg xê
dần_3107.jpg dần
Xung_3108.jpg Xung
lồi_3109.jpg lồi
duyệt_3110.jpg duyệt
Bơ-noong_3111.jpg Bơ-noong
vối_3112.jpg vối
thạo_3113.jpg thạo
TỔI_3114.jpg TỔI
Độ_3115.jpg Độ
hầy_3116.jpg hầy
sồn_3117.jpg sồn
ngùi_3118.jpg ngùi
Tareh_3119.jpg Tareh
Jr._3120.jpg Jr.
nhở_3121.jpg nhở
then_3122.jpg then
Sì_3123.jpg Sì
Voltaic_3124.jpg Voltaic
A-rập_3125.jpg A-rập
vủn_3126.jpg vủn
bina_3127.jpg bina
giu-đô_3128.jpg giu-đô
nitrat_3129.jpg nitrat
nibble_3130.jpg nibble
Ngành_3131.jpg Ngành
Tung_3132.jpg Tung
khứ_3133.jpg khứ
lệt_3134.jpg lệt
Mây_3135.jpg Mây
phiết_3136.jpg phiết
Cả_3137.jpg Cả
Thất_3138.jpg Thất
quỵt_3139.jpg quỵt
đảm_3140.jpg đảm
ngưới_3141.jpg ngưới
nghếch_3142.jpg nghếch
nghiến_3143.jpg nghiến
WFSW_3144.jpg WFSW
bạo_3145.jpg bạo
nẹp_3146.jpg nẹp
keng_3147.jpg keng
hự_3148.jpg hự
nhẩm_3149.jpg nhẩm
FAWN_3150.jpg FAWN
Châm_3151.jpg Châm
măm_3152.jpg măm
THỬ_3153.jpg THỬ
dẹm_3154.jpg dẹm
Kirghizia_3155.jpg Kirghizia
Tr'_3156.jpg Tr'
Moffitt_3157.jpg Moffitt
PHƯỢNG_3158.jpg PHƯỢNG
Urania_3159.jpg Urania
tư_3160.jpg tư
chervil_3161.jpg chervil
bế_3162.jpg bế
tấp_3163.jpg tấp
cua_3164.jpg cua
thôi_3165.jpg thôi
tước_3166.jpg tước
mu-dích_3167.jpg mu-dích
chẹt_3168.jpg chẹt
Ottoman_3169.jpg Ottoman
Chởi_3170.jpg Chởi
phết_3171.jpg phết
nối_3172.jpg nối
ngúng_3173.jpg ngúng
chủ-vị_3174.jpg chủ-vị
Xá_3175.jpg Xá
acre_3176.jpg acre
Park_3177.jpg Park
xẹc_3178.jpg xẹc
oán_3179.jpg oán
phe_3180.jpg phe
gỉ_3181.jpg gỉ
trải_3182.jpg trải
ớt_3183.jpg ớt
bống_3184.jpg bống
bớn_3185.jpg bớn
mựa_3186.jpg mựa
ú_3187.jpg ú
vệt_3188.jpg vệt
tướng_3189.jpg tướng
bảng_3190.jpg bảng
nẩy_3191.jpg nẩy
Reticulum_3192.jpg Reticulum
tout_3193.jpg tout
vọ_3194.jpg vọ
kíp_3195.jpg kíp
Thô_3196.jpg Thô
biếm_3197.jpg biếm
Bessie_3198.jpg Bessie
Tằng_3199.jpg Tằng
ngóe_3200.jpg ngóe
nấn_3201.jpg nấn
ca-nông_3202.jpg ca-nông
xạm_3203.jpg xạm
Thuần_3204.jpg Thuần
ngờm_3205.jpg ngờm
Goldsmith_3206.jpg Goldsmith
humous_3207.jpg humous
Đênh_3208.jpg Đênh
nhím_3209.jpg nhím
sớm_3210.jpg sớm
tổng_3211.jpg tổng
hoải_3212.jpg hoải
cẳng_3213.jpg cẳng
thoán_3214.jpg thoán
yến_3215.jpg yến
culông_3216.jpg culông
của_3217.jpg của
SỨC_3218.jpg SỨC
giôn_3219.jpg giôn
PHÓ_3220.jpg PHÓ
ních_3221.jpg ních
vọng_3222.jpg vọng
ruối_3223.jpg ruối
THÁO_3224.jpg THÁO
đên_3225.jpg đên
trẻ_3226.jpg trẻ
Pa-kít-xtăng_3227.jpg Pa-kít-xtăng
náng_3228.jpg náng
magma_3229.jpg magma
huyệt_3230.jpg huyệt
Sir_David_Alexander_Cecil_Low_3231.jpg Sir_David_Alexander_Cecil_Low
BI_3232.jpg BI
Chist_3233.jpg Chist
nào_3234.jpg nào
lức_3235.jpg lức
vét-xi_3236.jpg vét-xi
ĐẸP_3237.jpg ĐẸP
ĐẢM_3238.jpg ĐẢM
Rao_3239.jpg Rao
kêu_3240.jpg kêu
bôi_3241.jpg bôi
Eo_3242.jpg Eo
chú_3243.jpg chú
mãn_3244.jpg mãn
cookie_3245.jpg cookie
nhum_3246.jpg nhum
thóc_3247.jpg thóc
Harkat-ul-Mujahidin_3248.jpg Harkat-ul-Mujahidin
3D_3249.jpg 3D
giốt_3250.jpg giốt
luật_3251.jpg luật
Hin_3252.jpg Hin
Ngô_3253.jpg Ngô
ĐÍNH_3254.jpg ĐÍNH
ôkê_3255.jpg ôkê
ngữ_3256.jpg ngữ
khía_3257.jpg khía
nhóng_3258.jpg nhóng
be_3259.jpg be
Dụ_3260.jpg Dụ
anthracit_3261.jpg anthracit
Tiêu_3262.jpg Tiêu
soài_3263.jpg soài
Bhutan_3264.jpg Bhutan
nhát_3265.jpg nhát
nucleon_3266.jpg nucleon
rĩ_3267.jpg rĩ
phới_3268.jpg phới
đường_3269.jpg đường
õng_3270.jpg õng
kích_3271.jpg kích
chạ_3272.jpg chạ
nhức_3273.jpg nhức
thốt_3274.jpg thốt
phứa_3275.jpg phứa
mão_3276.jpg mão
rạp_3277.jpg rạp
Nà_3278.jpg Nà
chẩu_3279.jpg chẩu
săảm_3280.jpg săảm
chlorur_3281.jpg chlorur
ươm_3282.jpg ươm
HỰU_3283.jpg HỰU
Sứ_3284.jpg Sứ
Đạ_3285.jpg Đạ
phờ_3286.jpg phờ
trịch_3287.jpg trịch
VA_3288.jpg VA
bểnh_3289.jpg bểnh
Hymen_3290.jpg Hymen
Trương_3291.jpg Trương
pajama_3292.jpg pajama
điệm_3293.jpg điệm
then_3294.jpg then
chắp_3295.jpg chắp
nghía_3296.jpg nghía
Huyến_3297.jpg Huyến
CHÀO_3298.jpg CHÀO
vút_3299.jpg vút
backup_3300.jpg backup
Xạ_3301.jpg Xạ
xoi_3302.jpg xoi
elite_3303.jpg elite
Oregon_3304.jpg Oregon
ngày_3305.jpg ngày
trắc_3306.jpg trắc
LẠC_3307.jpg LẠC
tiêm_3308.jpg tiêm
gra-tuýt_3309.jpg gra-tuýt
hóa_3310.jpg hóa
Sái_3311.jpg Sái
cừ_3312.jpg cừ
tabu_3313.jpg tabu
tời_3314.jpg tời
sói_3315.jpg sói
Nà_3316.jpg Nà
sử_3317.jpg sử
trán_3318.jpg trán
ánh_3319.jpg ánh
TỰU_3320.jpg TỰU
niutơn_3321.jpg niutơn
xé_3322.jpg xé
băng-rôn_3323.jpg băng-rôn
NHẠN_3324.jpg NHẠN
este_3325.jpg este
cạn_3326.jpg cạn
Đa_3327.jpg Đa
đam_3328.jpg đam
Khánh_3329.jpg Khánh
DẬT_3330.jpg DẬT
kiếm_3331.jpg kiếm
dích_3332.jpg dích
lùng_3333.jpg lùng
phủi_3334.jpg phủi
Quyết_3335.jpg Quyết
nhụi_3336.jpg nhụi
lõm_3337.jpg lõm
nhồi_3338.jpg nhồi
lắng_3339.jpg lắng
se_3340.jpg se
sém_3341.jpg sém
trèo_3342.jpg trèo
cắp_3343.jpg cắp
matít_3344.jpg matít
Nhứt_3345.jpg Nhứt
muốt_3346.jpg muốt
Champagne_3347.jpg Champagne
marketing_3348.jpg marketing
som_3349.jpg som
sõi_3350.jpg sõi
bạc_3351.jpg bạc
kimono_3352.jpg kimono
vối_3353.jpg vối
đợt_3354.jpg đợt
XƯỚNG_3355.jpg XƯỚNG
nơ-ron_3356.jpg nơ-ron
trôn_3357.jpg trôn
Simpson_3358.jpg Simpson
naira_3359.jpg naira
díu_3360.jpg díu
im_3361.jpg im
PHƠI_3362.jpg PHƠI
hẵng_3363.jpg hẵng
CỤT_3364.jpg CỤT
thoát_3365.jpg thoát
PHẦN_3366.jpg PHẦN
Tặc_3367.jpg Tặc
CANG_3368.jpg CANG
thuần_3369.jpg thuần
mãnh_3370.jpg mãnh
giáp_3371.jpg giáp
Gậy_3372.jpg Gậy
1874_3373.jpg 1874
bi-đông_3374.jpg bi-đông
trèo_3375.jpg trèo
lặt_3376.jpg lặt
fomat_3377.jpg fomat
uýt-xki_3378.jpg uýt-xki
khóc_3379.jpg khóc
thua_3380.jpg thua
Đại-dương-châu_3381.jpg Đại-dương-châu
lò-xo_3382.jpg lò-xo
NUÍ_3383.jpg NUÍ
NGHĨA_3384.jpg NGHĨA
huỳnh_3385.jpg huỳnh
g_3386.jpg g
thach_3387.jpg thach
cốc-tay_3388.jpg cốc-tay
xi-nhê_3389.jpg xi-nhê
Hình_3390.jpg Hình
nhủ_3391.jpg nhủ
Dĩnh_3392.jpg Dĩnh
hoạ_3393.jpg hoạ
thôi_3394.jpg thôi
cô-nhắc_3395.jpg cô-nhắc
đề_3396.jpg đề
kị_3397.jpg kị
Grant_Wood_3398.jpg Grant_Wood
nguyệt_3399.jpg nguyệt
khoảng_3400.jpg khoảng
Tho_3401.jpg Tho
VỊ_3402.jpg VỊ
Truông_3403.jpg Truông
ngạng_3404.jpg ngạng
hoạnh_3405.jpg hoạnh
Ngôi_3406.jpg Ngôi
đụt_3407.jpg đụt
trúng_3408.jpg trúng
Ha_3409.jpg Ha
dòi_3410.jpg dòi
Cửu_3411.jpg Cửu
Bom_3412.jpg Bom
treo_3413.jpg treo
nhẻm_3414.jpg nhẻm
liberal_3415.jpg liberal
Kông_3416.jpg Kông
cu_3417.jpg cu
mốt_3418.jpg mốt
ngó_3419.jpg ngó
ái_3420.jpg ái
chực_3421.jpg chực
Cập_3422.jpg Cập
đệ_3423.jpg đệ
vặn_3424.jpg vặn
quằn_3425.jpg quằn
quẹt_3426.jpg quẹt
Telex_3427.jpg Telex
ngõng_3428.jpg ngõng
blenny_3429.jpg blenny
Hươu_3430.jpg Hươu
Spartan_3431.jpg Spartan
GIÊN_3432.jpg GIÊN
ẩu_3433.jpg ẩu
MÙI_3434.jpg MÙI
kungfu_3435.jpg kungfu
XÁO_3436.jpg XÁO
cằn_3437.jpg cằn
clorat_3438.jpg clorat
MẪU_3439.jpg MẪU
Turkmenistan_3440.jpg Turkmenistan
Giăng_3441.jpg Giăng
THỮ_3442.jpg THỮ
Râu_3443.jpg Râu
kheo_3444.jpg kheo
Oai_3445.jpg Oai
Ra-glai_3446.jpg Ra-glai
pôlip_3447.jpg pôlip
Cháy_3448.jpg Cháy
chuột_3449.jpg chuột
thưởng_3450.jpg thưởng
Sáo_3451.jpg Sáo
chọi_3452.jpg chọi
I-xlam_3453.jpg I-xlam
quẳm_3454.jpg quẳm
Vịnh_3455.jpg Vịnh
cúc_3456.jpg cúc
Bhutan_3457.jpg Bhutan
fake_3458.jpg fake
đúm_3459.jpg đúm
hàng_3460.jpg hàng
DẬU_3461.jpg DẬU
Tèo_3462.jpg Tèo
Ra_3463.jpg Ra
nhớ_3464.jpg nhớ
nghiến_3465.jpg nghiến
Dean_Swift_3466.jpg Dean_Swift
trumpet_3467.jpg trumpet
vinh_3468.jpg vinh
Măng_3469.jpg Măng
Sông_3470.jpg Sông
chính_3471.jpg chính
dung_3472.jpg dung
Xi-ri_3473.jpg Xi-ri
thích_3474.jpg thích
niệm_3475.jpg niệm
thiêu_3476.jpg thiêu
thẻ_3477.jpg thẻ
thân_3478.jpg thân
võng_3479.jpg võng
cu-pông_3480.jpg cu-pông
Lọ_3481.jpg Lọ
xìu_3482.jpg xìu
khảo_3483.jpg khảo
lade_3484.jpg lade
hút_3485.jpg hút
cốt-nhát_3486.jpg cốt-nhát
nghẽn_3487.jpg nghẽn
sáo_3488.jpg sáo
đắm_3489.jpg đắm
tửng_3490.jpg tửng
bạn_3491.jpg bạn
colophan_3492.jpg colophan
ghi-đông_3493.jpg ghi-đông
khắn_3494.jpg khắn
ộc_3495.jpg ộc
vest_3496.jpg vest
lịa_3497.jpg lịa
LET_3498.jpg LET
MẸO_3499.jpg MẸO
dềnh_3500.jpg dềnh
nguyện_3501.jpg nguyện
trém_3502.jpg trém
lạt_3503.jpg lạt
xị_3504.jpg xị
nóp_3505.jpg nóp
CHỐNG_3506.jpg CHỐNG
nhấy_3507.jpg nhấy
be_3508.jpg be
Dính_3509.jpg Dính
nô-bê-li_3510.jpg nô-bê-li
phận_3511.jpg phận
cháy_3512.jpg cháy
nạm_3513.jpg nạm
Mỡ_3514.jpg Mỡ
bulông_3515.jpg bulông
chai_3516.jpg chai
tiềm_3517.jpg tiềm
glucoza_3518.jpg glucoza
Ưu_3519.jpg Ưu
veo_3520.jpg veo
uy_3521.jpg uy
Revere_3522.jpg Revere
nilông_3523.jpg nilông
atlas_3524.jpg atlas
thòm_3525.jpg thòm
Ý_3526.jpg Ý
troi_3527.jpg troi
trí_3528.jpg trí
ca-phê-in_3529.jpg ca-phê-in
ắc-coóc-đê-ông_3530.jpg ắc-coóc-đê-ông
examiner_3531.jpg examiner
khuy_3532.jpg khuy
pút_3533.jpg pút
BÔN_3534.jpg BÔN
May-a_3535.jpg May-a
xaphia_3536.jpg xaphia
Êm_3537.jpg Êm
mùi_3538.jpg mùi
ét-coóc_3539.jpg ét-coóc
Dĩnh_3540.jpg Dĩnh
sa-bô_3541.jpg sa-bô
Bhallê_3542.jpg Bhallê
piano_3543.jpg piano
lipid_3544.jpg lipid
băng_3545.jpg băng
ngấu_3546.jpg ngấu
tê-lê-phôn_3547.jpg tê-lê-phôn
bỡn_3548.jpg bỡn
mụn_3549.jpg mụn
khử_3550.jpg khử
vé_3551.jpg vé
o-xi_3552.jpg o-xi
Bốn_3553.jpg Bốn
ngỡn_3554.jpg ngỡn
đìa_3555.jpg đìa
Nốt_3556.jpg Nốt
nhội_3557.jpg nhội
vẩy_3558.jpg vẩy
cùm_3559.jpg cùm
ngoằng_3560.jpg ngoằng
lần_3561.jpg lần
ệch_3562.jpg ệch
ngưng_3563.jpg ngưng
Trử_3564.jpg Trử
nguẩy_3565.jpg nguẩy
Ob_3566.jpg Ob
tơrưng_3567.jpg tơrưng
doanh_3568.jpg doanh
Toạ_3569.jpg Toạ
lít-xê_3570.jpg lít-xê
a-gon_3571.jpg a-gon
gây_3572.jpg gây
xoàng_3573.jpg xoàng
sour_3574.jpg sour
cùm_3575.jpg cùm
kt_3576.jpg kt
Aspinwall_3577.jpg Aspinwall
măng-đa_3578.jpg măng-đa
Pôông_3579.jpg Pôông
chlorur_3580.jpg chlorur
Tốt_3581.jpg Tốt
may_3582.jpg may
Thương_3583.jpg Thương
Cỏ_3584.jpg Cỏ
KHOÁN_3585.jpg KHOÁN
nhiểu_3586.jpg nhiểu
ran-đơ_3587.jpg ran-đơ
thấu_3588.jpg thấu
đê_3589.jpg đê
cốc_3590.jpg cốc
bấm_3591.jpg bấm
tèo_3592.jpg tèo
cõng_3593.jpg cõng
Tri_3594.jpg Tri
Thượng_3595.jpg Thượng
dance_3596.jpg dance
xình_3597.jpg xình
chua_3598.jpg chua
bỏng_3599.jpg bỏng
nhủ_3600.jpg nhủ
ẹp_3601.jpg ẹp
ngẩng_3602.jpg ngẩng
Mercurochrome_3603.jpg Mercurochrome
ngời_3604.jpg ngời
gièm_3605.jpg gièm
Hà_3606.jpg Hà
huy_3607.jpg huy
bênh_3608.jpg bênh
Pakistan_3609.jpg Pakistan
vế_3610.jpg vế
Áo_3611.jpg Áo
huýt_3612.jpg huýt
hân_3613.jpg hân
thót_3614.jpg thót
xoạch_3615.jpg xoạch
cd_3616.jpg cd
trơi_3617.jpg trơi
Whitney_Young_3618.jpg Whitney_Young
flash_3619.jpg flash
KHEN_3620.jpg KHEN
cuộc_3621.jpg cuộc
chiến_3622.jpg chiến
backspace_3623.jpg backspace
Quây_3624.jpg Quây
BAC_3625.jpg BAC
Thiềng_3626.jpg Thiềng
lưc_3627.jpg lưc
nhông_3628.jpg nhông
BÁI_3629.jpg BÁI
Xắm_3630.jpg Xắm
Hòa_3631.jpg Hòa
Adolphe_Sax_3632.jpg Adolphe_Sax
bợt_3633.jpg bợt
nhẩy_3634.jpg nhẩy
nhấn_3635.jpg nhấn
môn_3636.jpg môn
Lệ_3637.jpg Lệ
chầy_3638.jpg chầy
mát-tít_3639.jpg mát-tít
Lai-Kon_3640.jpg Lai-Kon
SÀNH_3641.jpg SÀNH
Tuân_3642.jpg Tuân
xéc_3643.jpg xéc
cha_3644.jpg cha
sậu_3645.jpg sậu
ma-men_3646.jpg ma-men
ad_3647.jpg ad
tá_3648.jpg tá
nập_3649.jpg nập
tăm-pông_3650.jpg tăm-pông
Panda_3651.jpg Panda
vấy_3652.jpg vấy
PHÁC_3653.jpg PHÁC
co-sin_3654.jpg co-sin
đãng_3655.jpg đãng
centaury_3656.jpg centaury
Miên_3657.jpg Miên
runner_3658.jpg runner
khoắc_3659.jpg khoắc
THẢ_3660.jpg THẢ
Triêu_3661.jpg Triêu
tóe_3662.jpg tóe
vặt_3663.jpg vặt
Ranh_3664.jpg Ranh
coke_3665.jpg coke
phích_3666.jpg phích
TUYỀN_3667.jpg TUYỀN
Sun_Myung_Moon_3668.jpg Sun_Myung_Moon
vướng_3669.jpg vướng
inch_3670.jpg inch
Edgar_3671.jpg Edgar
măng_3672.jpg măng
hóm_3673.jpg hóm
trồng_3674.jpg trồng
lati_3675.jpg lati
ngất_3676.jpg ngất
phật_3677.jpg phật
album_3678.jpg album
anh_3679.jpg anh
Dóng_3680.jpg Dóng
tuệch_3681.jpg tuệch
vinh_3682.jpg vinh
khe_3683.jpg khe
còm-mi_3684.jpg còm-mi
phật_3685.jpg phật
Thượng_3686.jpg Thượng
socola_3687.jpg socola
PHONG_3688.jpg PHONG
xuyên_3689.jpg xuyên
Thoả_3690.jpg Thoả
lừa_3691.jpg lừa
ệ_3692.jpg ệ
Phạm_3693.jpg Phạm
trệch_3694.jpg trệch
lẩy_3695.jpg lẩy
Moi_3696.jpg Moi
ngỡn_3697.jpg ngỡn
Uy_3698.jpg Uy
12_3699.jpg 12
ngỏ_3700.jpg ngỏ
10000_3701.jpg 10000
thuỳ_3702.jpg thuỳ
ma-lát_3703.jpg ma-lát
giọi_3704.jpg giọi
treo_3705.jpg treo
QUỶNH_3706.jpg QUỶNH
đồi_3707.jpg đồi
KHẢI_3708.jpg KHẢI
mau_3709.jpg mau
Nhẩm_3710.jpg Nhẩm
xentimet_3711.jpg xentimet
tương_3712.jpg tương
Python_3713.jpg Python
CHỚP_3714.jpg CHỚP
sinhcó_3715.jpg sinhcó
T._H._White_3716.jpg T._H._White
Sua_3717.jpg Sua
II_3718.jpg II
(dân_3719.jpg (dân
Vĩ_3720.jpg Vĩ
Kho'i_3721.jpg Kho'i
tê-lê_3722.jpg tê-lê
truông_3723.jpg truông
sửa_3724.jpg sửa
Mương_3725.jpg Mương
Đấng_3726.jpg Đấng
nhếch_3727.jpg nhếch
KHIÊM_3728.jpg KHIÊM
Phồm_3729.jpg Phồm
CẦM_3730.jpg CẦM
phô-tơi_3731.jpg phô-tơi
BÚT_3732.jpg BÚT
Riệm_3733.jpg Riệm
nào_3734.jpg nào
myelin_3735.jpg myelin
afghani_3736.jpg afghani
khan_3737.jpg khan
Nương_3738.jpg Nương
CỜ_3739.jpg CỜ
German_3740.jpg German
nậu_3741.jpg nậu
giập_3742.jpg giập
đóc_3743.jpg đóc
nhầy_3744.jpg nhầy
Trãi_3745.jpg Trãi
nhòe_3746.jpg nhòe
TRUYỀN_3747.jpg TRUYỀN
Giấy_3748.jpg Giấy
Bính_3749.jpg Bính
Chà_3750.jpg Chà
liberal_3751.jpg liberal
TRỰC_3752.jpg TRỰC
Kiệu_3753.jpg Kiệu
cúp_3754.jpg cúp
mo-ran_3755.jpg mo-ran
sém_3756.jpg sém
giày_3757.jpg giày
Psyche_3758.jpg Psyche
sê-đa_3759.jpg sê-đa
kèo_3760.jpg kèo
photo_3761.jpg photo
Kính_3762.jpg Kính
công-ten-nơ_3763.jpg công-ten-nơ
xoạt_3764.jpg xoạt
khay_3765.jpg khay
dễ_3766.jpg dễ
nghệt_3767.jpg nghệt
nhanh]_3768.jpg nhanh]
trụi_3769.jpg trụi
xược_3770.jpg xược
Lùi_3771.jpg Lùi
nghĩa_3772.jpg nghĩa
CẦU_3773.jpg CẦU
ICH_3774.jpg ICH
trưởng_3775.jpg trưởng
Lênh_3776.jpg Lênh
cogt_3777.jpg cogt
chưn_3778.jpg chưn
dẹo_3779.jpg dẹo
schwa_3780.jpg schwa
Oregon_3781.jpg Oregon
lưc_3782.jpg lưc
bỡn_3783.jpg bỡn
xang_3784.jpg xang
LỰC_3785.jpg LỰC
ruôn_3786.jpg ruôn
SUA_3787.jpg SUA
dẫm_3788.jpg dẫm
ngãng_3789.jpg ngãng
lóp_3790.jpg lóp
vằn_3791.jpg vằn
a-ti-sô_3792.jpg a-ti-sô
Willem_de_Sitter_3793.jpg Willem_de_Sitter
thiệu_3794.jpg thiệu
thít_3795.jpg thít
Luy_3796.jpg Luy
ke_3797.jpg ke
cẳng_3798.jpg cẳng
hydrat_3799.jpg hydrat
1979_3800.jpg 1979
Lênin_3801.jpg Lênin
vâng_3802.jpg vâng
đêcamet_3803.jpg đêcamet
I-xlam_3804.jpg I-xlam
Mũn_3805.jpg Mũn
lái_3806.jpg lái
Thân_3807.jpg Thân
pít_3808.jpg pít
ngía_3809.jpg ngía
ti-ra_3810.jpg ti-ra
bùn_3811.jpg bùn
Tàu_3812.jpg Tàu
na-bi-ca_3813.jpg na-bi-ca
đăng_3814.jpg đăng
ghín_3815.jpg ghín
nà!_3816.jpg nà!
ti-len_3817.jpg ti-len
ngoằng_3818.jpg ngoằng
hê-rô-in_3819.jpg hê-rô-in
tơrưng_3820.jpg tơrưng
nộp_3821.jpg nộp
NHIỄM_3822.jpg NHIỄM
tói_3823.jpg tói
hoẹ_3824.jpg hoẹ
tùng_3825.jpg tùng
ngỡ_3826.jpg ngỡ
đẩn_3827.jpg đẩn
dũa_3828.jpg dũa
socolar_3829.jpg socolar
pemanganat_3830.jpg pemanganat
fan_3831.jpg fan
Xứ_3832.jpg Xứ
sạc_3833.jpg sạc
ê-tuýt_3834.jpg ê-tuýt
tặn_3835.jpg tặn
soóc-ti_3836.jpg soóc-ti
ưa_3837.jpg ưa
ngoăn_3838.jpg ngoăn
sòng_3839.jpg sòng
flash_3840.jpg flash
GẠN_3841.jpg GẠN
thạo_3842.jpg thạo
MẠNH_3843.jpg MẠNH
Đực_3844.jpg Đực
chều_3845.jpg chều
dám_3846.jpg dám
ét-coóc_3847.jpg ét-coóc
bón_3848.jpg bón
Sếu_3849.jpg Sếu
kê-môn_3850.jpg kê-môn
lipid_3851.jpg lipid
JENNIFE_3852.jpg JENNIFE
ưỡn_3853.jpg ưỡn
vỉa_3854.jpg vỉa
Thú_3855.jpg Thú
dượng_3856.jpg dượng
nút_3857.jpg nút
căng_3858.jpg căng
Chiểu_3859.jpg Chiểu
chiếp_3860.jpg chiếp
cobalt_3861.jpg cobalt
NHUNG_3862.jpg NHUNG
thẩu_3863.jpg thẩu
VÔ_3864.jpg VÔ
lè_3865.jpg lè
Mía_3866.jpg Mía
nghoét_3867.jpg nghoét
cừ_3868.jpg cừ
Máng_3869.jpg Máng
CHƯỚC_3870.jpg CHƯỚC
mừng_3871.jpg mừng
thuẩn_3872.jpg thuẩn
Loretta_Young_3873.jpg Loretta_Young
Oanh_3874.jpg Oanh
ngởn_3875.jpg ngởn
Oánh_3876.jpg Oánh
lẹm_3877.jpg lẹm
rơn_3878.jpg rơn
clanh-ke_3879.jpg clanh-ke
dựt_3880.jpg dựt
(_3881.jpg (
LUẬN_3882.jpg LUẬN
NHƯỠNG_3883.jpg NHƯỠNG
Nung_3884.jpg Nung
chề_3885.jpg chề
Muriel_Sarah_Spark_3886.jpg Muriel_Sarah_Spark
end_3887.jpg end
Nghiêu_3888.jpg Nghiêu
diềm_3889.jpg diềm
thoã_3890.jpg thoã
coraciiform_3891.jpg coraciiform
giọ_3892.jpg giọ
hướng_3893.jpg hướng
duệ_3894.jpg duệ
phúc_3895.jpg phúc
sựng_3896.jpg sựng
thuôn_3897.jpg thuôn
Tiffany_3898.jpg Tiffany
hận_3899.jpg hận
chướng_3900.jpg chướng
bẹ_3901.jpg bẹ
VII_3902.jpg VII
ắc-quy_3903.jpg ắc-quy
HOẠCH_3904.jpg HOẠCH
gào_3905.jpg gào
ca-ra-men_3906.jpg ca-ra-men
truật_3907.jpg truật
Câu_3908.jpg Câu
Leonurus_3909.jpg Leonurus
tróm_3910.jpg tróm
hô!_3911.jpg hô!
Bẩy_3912.jpg Bẩy
web_3913.jpg web
TĂM_3914.jpg TĂM
Jahvey_3915.jpg Jahvey
nàn_3916.jpg nàn
John_L._H._Down_3917.jpg John_L._H._Down
mili_3918.jpg mili
Desmond_Tutu_3919.jpg Desmond_Tutu
ăng_3920.jpg ăng
Chăm_3921.jpg Chăm
quý_3922.jpg quý
Fanny_Wright_3923.jpg Fanny_Wright
Gém_3924.jpg Gém
chê_3925.jpg chê
nghinh_3926.jpg nghinh
kháng_3927.jpg kháng
Chổm_3928.jpg Chổm
phủ_3929.jpg phủ
UT_3930.jpg UT
mẩn_3931.jpg mẩn
Ngợi_3932.jpg Ngợi
xà-lách_3933.jpg xà-lách
mẩn_3934.jpg mẩn
còm_3935.jpg còm
apxin_3936.jpg apxin
Sớm_3937.jpg Sớm
piastre_3938.jpg piastre
Lebanon_3939.jpg Lebanon
mi-li-gam_3940.jpg mi-li-gam
nhạn_3941.jpg nhạn
khừ_3942.jpg khừ
TỚI_3943.jpg TỚI
Mật_3944.jpg Mật
la-va-bô_3945.jpg la-va-bô
đoi_3946.jpg đoi
đồng_3947.jpg đồng
Attic_3948.jpg Attic
hui_3949.jpg hui
hoc_3950.jpg hoc
a-tÒrô-pin_3951.jpg a-tÒrô-pin
lari_3952.jpg lari
Ulysses_3953.jpg Ulysses
Xẹn_3954.jpg Xẹn
jaxin_3955.jpg jaxin
volfram_3956.jpg volfram
Khuông_3957.jpg Khuông
Tràm_3958.jpg Tràm
trời_3959.jpg trời
cardamomum_3960.jpg cardamomum
giãn_3961.jpg giãn
thưỡn_3962.jpg thưỡn
a-vi_3963.jpg a-vi
GIỮA_3964.jpg GIỮA
DOAN_3965.jpg DOAN
tươi_3966.jpg tươi
Khuỳnh_3967.jpg Khuỳnh
vi-ô-lông_3968.jpg vi-ô-lông
ruốt_3969.jpg ruốt
trút_3970.jpg trút
gốc_3971.jpg gốc
tiu_3972.jpg tiu
xupap_3973.jpg xupap
kèm_3974.jpg kèm
nhích_3975.jpg nhích
ruốc_3976.jpg ruốc
internet_3977.jpg internet
bang_3978.jpg bang
đày_3979.jpg đày
Wood_3980.jpg Wood
BRIAN_3981.jpg BRIAN
quày_3982.jpg quày
rượu_3983.jpg rượu
mầng_3984.jpg mầng
lịm_3985.jpg lịm
vectơ_3986.jpg vectơ
B._3987.jpg B.
Salvia_3988.jpg Salvia
chỏn_3989.jpg chỏn
nhày_3990.jpg nhày
Nông_3991.jpg Nông
rấm_3992.jpg rấm
đoán_3993.jpg đoán
4_3994.jpg 4
hữu_3995.jpg hữu
HOAI_3996.jpg HOAI
NHIỄU_3997.jpg NHIỄU
NÓN_3998.jpg NÓN
Garland_3999.jpg Garland
dóa_4000.jpg dóa
Trường_4001.jpg Trường
quăn_4002.jpg quăn
bợ_4003.jpg bợ
ỉn_4004.jpg ỉn
ĐƯC_4005.jpg ĐƯC
trương_4006.jpg trương
dỏm_4007.jpg dỏm
Nguyến_4008.jpg Nguyến
Khương_4009.jpg Khương
híp_4010.jpg híp
sọ_4011.jpg sọ
quệ_4012.jpg quệ
Sunday_4013.jpg Sunday
sụp_4014.jpg sụp
ria_4015.jpg ria
dĩa_4016.jpg dĩa
suối_4017.jpg suối
kalium_4018.jpg kalium
MỊCH_4019.jpg MỊCH
villa_4020.jpg villa
dớn_4021.jpg dớn
Mỹ_4022.jpg Mỹ
chuồn_4023.jpg chuồn
xoay_4024.jpg xoay
khum_4025.jpg khum
Sâm-banh_4026.jpg Sâm-banh
lô-can_4027.jpg lô-can
ve-xta_4028.jpg ve-xta
Thẩm_4029.jpg Thẩm
nhỡ_4030.jpg nhỡ
phu_4031.jpg phu
nhuộm_4032.jpg nhuộm
TRẬN_4033.jpg TRẬN
CC_4034.jpg CC
ki-ốt_4035.jpg ki-ốt
khấn_4036.jpg khấn
nghé_4037.jpg nghé
quẩy_4038.jpg quẩy
chuyên_4039.jpg chuyên
ờ_4040.jpg ờ
Như_4041.jpg Như
Thặng_4042.jpg Thặng
nơi_4043.jpg nơi
canô_4044.jpg canô
nguy_4045.jpg nguy
chét_4046.jpg chét
giới_4047.jpg giới
sơn_4048.jpg sơn
muống_4049.jpg muống
Chanh_4050.jpg Chanh
Mã_4051.jpg Mã
I-xlam_4052.jpg I-xlam
Thục_4053.jpg Thục
cuộn_4054.jpg cuộn
German_4055.jpg German
Tọ_4056.jpg Tọ
ngon_4057.jpg ngon
rôm_4058.jpg rôm
Ngàn_4059.jpg Ngàn
khươm_4060.jpg khươm
trá_4061.jpg trá
Ngư_4062.jpg Ngư
khóc_4063.jpg khóc
ngành_4064.jpg ngành
trộn_4065.jpg trộn
nốt_4066.jpg nốt
pecca_4067.jpg pecca
Tướng_4068.jpg Tướng
Ẩu_4069.jpg Ẩu
EN_4070.jpg EN
Best_4071.jpg Best
sành_4072.jpg sành
dọng_4073.jpg dọng
đom_4074.jpg đom
Kuki_4075.jpg Kuki
conxecto_4076.jpg conxecto
giường_4077.jpg giường
mủ_4078.jpg mủ
atisô_4079.jpg atisô
Đềm_4080.jpg Đềm
dưỡng_4081.jpg dưỡng
Huy_4082.jpg Huy
ngỗng_4083.jpg ngỗng
Trí_4084.jpg Trí
bass_4085.jpg bass
khoẻ_4086.jpg khoẻ
DỐC_4087.jpg DỐC
lãnh_4088.jpg lãnh
Vong_4089.jpg Vong
Chựng_4090.jpg Chựng
kuýp_4091.jpg kuýp
nén_4092.jpg nén
ĐÂY_4093.jpg ĐÂY
chấn_4094.jpg chấn
Kểnh_4095.jpg Kểnh
li-e_4096.jpg li-e
HỔ_4097.jpg HỔ
trổng_4098.jpg trổng
Mãi_4099.jpg Mãi
tăng-mo_4100.jpg tăng-mo
táng_4101.jpg táng
AK_4102.jpg AK
thuở_4103.jpg thuở
nừng_4104.jpg nừng
mõ_4105.jpg mõ
Hụ_4106.jpg Hụ
Pb_4107.jpg Pb
BĂNG_4108.jpg BĂNG
si-lích_4109.jpg si-lích
Ngòi_4110.jpg Ngòi
ki-lô-gam_4111.jpg ki-lô-gam
PHƯỢNG_4112.jpg PHƯỢNG
mũ_4113.jpg mũ
pích_4114.jpg pích
dứng_4115.jpg dứng
khăng_4116.jpg khăng
đớn_4117.jpg đớn
luýnh_4118.jpg luýnh
rô_4119.jpg rô
xém_4120.jpg xém
Phông_4121.jpg Phông
dẽ_4122.jpg dẽ
Sitsang_4123.jpg Sitsang
sậu_4124.jpg sậu
thịu_4125.jpg thịu
Cuống_4126.jpg Cuống
Duncan_James_Corrow_Grant_4127.jpg Duncan_James_Corrow_Grant
Lọc_4128.jpg Lọc
lom_4129.jpg lom
Út_4130.jpg Út
Rấng_4131.jpg Rấng
Nức_4132.jpg Nức
dắc_4133.jpg dắc
DỮNG_4134.jpg DỮNG
ong_4135.jpg ong
nép_4136.jpg nép
Lặt_4137.jpg Lặt
phi-lao_4138.jpg phi-lao
nác_4139.jpg nác
chuốc_4140.jpg chuốc
XUY_4141.jpg XUY
nghịch_4142.jpg nghịch
Mê_4143.jpg Mê
trắng_4144.jpg trắng
lâng_4145.jpg lâng
Bền_4146.jpg Bền
ratio_4147.jpg ratio
Billy_4148.jpg Billy
thuồng_4149.jpg thuồng
thẹo_4150.jpg thẹo
hói_4151.jpg hói
Nguyyẽn_4152.jpg Nguyyẽn
nhôi_4153.jpg nhôi
THÁNG_4154.jpg THÁNG
Cơ-ho_4155.jpg Cơ-ho
1973_4156.jpg 1973
cờ-lê_4157.jpg cờ-lê
ê-ke_4158.jpg ê-ke
thúc_4159.jpg thúc
héo_4160.jpg héo
gườm_4161.jpg gườm
PI_4162.jpg PI
Van_4163.jpg Van
sổ_4164.jpg sổ
vính_4165.jpg vính
Edward_Douglas_White_Jr._4166.jpg Edward_Douglas_White_Jr.
trữ_4167.jpg trữ
chịt_4168.jpg chịt
rủ_4169.jpg rủ
sầm_4170.jpg sầm
thênh_4171.jpg thênh
tèng_4172.jpg tèng
não_4173.jpg não
giọng_4174.jpg giọng
bác_4175.jpg bác
oạc_4176.jpg oạc
nha_4177.jpg nha
păng-xê_4178.jpg păng-xê
rễ_4179.jpg rễ
Gồ_4180.jpg Gồ
CANG_4181.jpg CANG
zin_4182.jpg zin
thau_4183.jpg thau
chốt_4184.jpg chốt
vua_4185.jpg vua
lõi_4186.jpg lõi
mi-crô_4187.jpg mi-crô
SỢI_4188.jpg SỢI
dế_4189.jpg dế
cuội_4190.jpg cuội
chịu_4191.jpg chịu
LAN_4192.jpg LAN
zeta_4193.jpg zeta
Nhong_4194.jpg Nhong
HẰNG_4195.jpg HẰNG
ục_4196.jpg ục
VĂN_4197.jpg VĂN
THINH_4198.jpg THINH
Kay_4199.jpg Kay
mác-ma_4200.jpg mác-ma
dấp_4201.jpg dấp
vẫn_4202.jpg vẫn
quất_4203.jpg quất
Casimir_4204.jpg Casimir
rảo_4205.jpg rảo
block_4206.jpg block
Van_4207.jpg Van
nhức_4208.jpg nhức
Quai_4209.jpg Quai
khắn_4210.jpg khắn
Ní_4211.jpg Ní
Pai_4212.jpg Pai
nghiêm_4213.jpg nghiêm
hàn_4214.jpg hàn
đạm_4215.jpg đạm
sát_4216.jpg sát
mút-xơ-lin_4217.jpg mút-xơ-lin
hợm_4218.jpg hợm
đạt_4219.jpg đạt
thoắng_4220.jpg thoắng
chàm_4221.jpg chàm
VƯU_4222.jpg VƯU
nhè_4223.jpg nhè
LÔC_4224.jpg LÔC
thơn_4225.jpg thơn
thỉ_4226.jpg thỉ
bi-dăng-tin_4227.jpg bi-dăng-tin
Rica_4228.jpg Rica
tủng_4229.jpg tủng
LÁ_4230.jpg LÁ
Hertz_4231.jpg Hertz
com-pô-dít_4232.jpg com-pô-dít
ngoang_4233.jpg ngoang
THỦ_4234.jpg THỦ
rạo_4235.jpg rạo
những_4236.jpg những
cút-lít_4237.jpg cút-lít
vút_4238.jpg vút
con_4239.jpg con
sàn_4240.jpg sàn
xích-đông_4241.jpg xích-đông
Buffalo_4242.jpg Buffalo
mổ_4243.jpg mổ
xa-tăng_4244.jpg xa-tăng
kungfu_4245.jpg kungfu
mộc_4246.jpg mộc
zibelin_4247.jpg zibelin
KỊCH_4248.jpg KỊCH
ệt_4249.jpg ệt
gốm_4250.jpg gốm
1978_4251.jpg 1978
đủ_4252.jpg đủ
samurai_4253.jpg samurai
tờ_4254.jpg tờ
Hoàng_4255.jpg Hoàng
đoạt_4256.jpg đoạt
Xi-ri_4257.jpg Xi-ri
nybble_4258.jpg nybble
Cường_4259.jpg Cường
Farmer_4260.jpg Farmer
thẩy_4261.jpg thẩy
Trừng_4262.jpg Trừng
amobarbital_4263.jpg amobarbital
tươm_4264.jpg tươm
tơ-rưng_4265.jpg tơ-rưng
heli_4266.jpg heli
rơm_4267.jpg rơm
khẩy_4268.jpg khẩy
dạ_4269.jpg dạ
hấm_4270.jpg hấm
kilomet_4271.jpg kilomet
lựu_4272.jpg lựu
THẮNG_4273.jpg THẮNG
méc_4274.jpg méc
mở_4275.jpg mở
I-xlam_4276.jpg I-xlam
dực_4277.jpg dực
tẻ_4278.jpg tẻ
tuềnh_4279.jpg tuềnh
trớt_4280.jpg trớt
hé_4281.jpg hé
Trữ_4282.jpg Trữ
thả_4283.jpg thả
Nhiểm_4284.jpg Nhiểm
lẳm_4285.jpg lẳm
vuốt_4286.jpg vuốt
thủa_4287.jpg thủa
nhặng_4288.jpg nhặng
San_4289.jpg San
cằn_4290.jpg cằn
Ngà_4291.jpg Ngà
Đênh_4292.jpg Đênh
QUYỂN_4293.jpg QUYỂN
sền_4294.jpg sền
kề_4295.jpg kề
boong_4296.jpg boong
chợ_4297.jpg chợ
n_4298.jpg n
Dế_4299.jpg Dế
cợt_4300.jpg cợt
transistor_4301.jpg transistor
rịa_4302.jpg rịa
Tuấn_4303.jpg Tuấn
lì_4304.jpg lì
Nén_4305.jpg Nén
mành_4306.jpg mành
khản_4307.jpg khản
phốc_4308.jpg phốc
kiệu_4309.jpg kiệu
tu-gric_4310.jpg tu-gric
8_4311.jpg 8
1.6_4312.jpg 1.6
linh_4313.jpg linh
phéc_4314.jpg phéc
men_4315.jpg men
lag_4316.jpg lag
oặt_4317.jpg oặt
KIÊM_4318.jpg KIÊM
lầy_4319.jpg lầy
G_4320.jpg G
chiếu_4321.jpg chiếu
Pa-dí_4322.jpg Pa-dí
bờ_4323.jpg bờ
tẩm_4324.jpg tẩm
ngãi_4325.jpg ngãi
trọi_4326.jpg trọi
Lãng_4327.jpg Lãng
oe_4328.jpg oe
vòn_4329.jpg vòn
hức_4330.jpg hức
oi_4331.jpg oi
sy_4332.jpg sy
dặc_4333.jpg dặc
rạng_4334.jpg rạng
THUC_4335.jpg THUC
LẠC_4336.jpg LẠC
càng_4337.jpg càng
sandal_4338.jpg sandal
đôi_4339.jpg đôi
kết_4340.jpg kết
rum_4341.jpg rum
Vivian_4342.jpg Vivian
bi-Libya_4343.jpg bi-Libya
Natalie_Wood_4344.jpg Natalie_Wood
cọng_4345.jpg cọng
George_Beadle_4346.jpg George_Beadle
JENNIFE_4347.jpg JENNIFE
Willem_de_Sitter_4348.jpg Willem_de_Sitter
bia_4349.jpg bia
kênh_4350.jpg kênh
léo_4351.jpg léo
cáu_4352.jpg cáu
thủi_4353.jpg thủi
sầm_4354.jpg sầm
ether_4355.jpg ether
xen-ti_4356.jpg xen-ti
xe-lu-lô_4357.jpg xe-lu-lô
Phiêu_4358.jpg Phiêu
Khính_4359.jpg Khính
Chẽ_4360.jpg Chẽ
Ngừ_4361.jpg Ngừ
Đậy_4362.jpg Đậy
khái_4363.jpg khái
kề_4364.jpg kề
pô-pơ-lin_4365.jpg pô-pơ-lin
KHÁNG_4366.jpg KHÁNG
gái_4367.jpg gái
ghiếc_4368.jpg ghiếc
cricke_4369.jpg cricke
giây_4370.jpg giây
trèn_4371.jpg trèn
bới_4372.jpg bới
Zen_4373.jpg Zen
va-li_4374.jpg va-li
NGÂM_4375.jpg NGÂM
bếnh_4376.jpg bếnh
chớn_4377.jpg chớn
Hậu_4378.jpg Hậu
LHQ_4379.jpg LHQ
ạch_4380.jpg ạch
lager_4381.jpg lager
ắc_4382.jpg ắc
Napier_4383.jpg Napier
hê-rô-in_4384.jpg hê-rô-in
Chận_4385.jpg Chận
mổ_4386.jpg mổ
phunphat_4387.jpg phunphat
vểnh_4388.jpg vểnh
Suý_4389.jpg Suý
a-gon_4390.jpg a-gon
ơristic_4391.jpg ơristic
Mộng-Trạm_4392.jpg Mộng-Trạm
dìa_4393.jpg dìa
W_4394.jpg W
Jordan_4395.jpg Jordan
hất_4396.jpg hất
lợi_4397.jpg lợi
địch_4398.jpg địch
Diễm_4399.jpg Diễm
1949_4400.jpg 1949
cặn_4401.jpg cặn
Ráy_4402.jpg Ráy
Hổ_4403.jpg Hổ
muôm_4404.jpg muôm
tớ_4405.jpg tớ
bựt_4406.jpg bựt
Doãn_4407.jpg Doãn
Hampshire_4408.jpg Hampshire
HỘI_4409.jpg HỘI
Kua_4410.jpg Kua
khom_4411.jpg khom
bata_4412.jpg bata
Ngư_4413.jpg Ngư
xen-lô_4414.jpg xen-lô
bơm_4415.jpg bơm
phôi_4416.jpg phôi
liếng_4417.jpg liếng
trình_4418.jpg trình
sòa_4419.jpg sòa
tích-tắc_4420.jpg tích-tắc
ghém_4421.jpg ghém
giỏi_4422.jpg giỏi
cos_4423.jpg cos
gom_4424.jpg gom
Chuẩn_4425.jpg Chuẩn
rúi_4426.jpg rúi
gra-phít_4427.jpg gra-phít
pan-ca_4428.jpg pan-ca
ít_4429.jpg ít
mìn_4430.jpg mìn
bì_4431.jpg bì
tuệ_4432.jpg tuệ
tôngđơ_4433.jpg tôngđơ
Lam_4434.jpg Lam
kinh_4435.jpg kinh
Israel_4436.jpg Israel
súy_4437.jpg súy
paraffin_4438.jpg paraffin
dt_4439.jpg dt
Quan_4440.jpg Quan
nhoàm_4441.jpg nhoàm
8.3_4442.jpg 8.3
lance_4443.jpg lance
bơn_4444.jpg bơn
CÔNT_4445.jpg CÔNT
vịnh_4446.jpg vịnh
vậm_4447.jpg vậm
Thân_4448.jpg Thân
hia_4449.jpg hia
đô_4450.jpg đô
thầy_4451.jpg thầy
tắt_4452.jpg tắt
ệch_4453.jpg ệch
THẠI_4454.jpg THẠI
beo_4455.jpg beo
Hân_4456.jpg Hân
xaphia_4457.jpg xaphia
Sùng_4458.jpg Sùng
khưởng_4459.jpg khưởng
sơ-vi-ốt_4460.jpg sơ-vi-ốt
guộn_4461.jpg guộn
mềm_4462.jpg mềm
sa-lát_4463.jpg sa-lát
kilôlít_4464.jpg kilôlít
bỏng_4465.jpg bỏng
Orthotomus_sutorius_4466.jpg Orthotomus_sutorius
cộc_4467.jpg cộc
rock_4468.jpg rock
Nuôi_4469.jpg Nuôi
xẹp_4470.jpg xẹp
chỉnh_4471.jpg chỉnh
buốt_4472.jpg buốt
rầm_4473.jpg rầm
thoải_4474.jpg thoải
30_4475.jpg 30
vổ_4476.jpg vổ
Ben_4477.jpg Ben
lướu_4478.jpg lướu
tã_4479.jpg tã
lẽn_4480.jpg lẽn
sả_4481.jpg sả
cúc_4482.jpg cúc
olimpic_4483.jpg olimpic
Thuấn_4484.jpg Thuấn
mỡ_4485.jpg mỡ
TỊNH_4486.jpg TỊNH
đốc_4487.jpg đốc
nhạc_4488.jpg nhạc
Cừu_4489.jpg Cừu
xtrép-tô-mi-xin_4490.jpg xtrép-tô-mi-xin
ngẳng_4491.jpg ngẳng
ty_4492.jpg ty
YẾT_4493.jpg YẾT
Sitter_4494.jpg Sitter
hoạch_4495.jpg hoạch
NẢI_4496.jpg NẢI
thềm_4497.jpg thềm
elite_4498.jpg elite
Ngự_4499.jpg Ngự
zigzag_4500.jpg zigzag
át-mốt-phe_4501.jpg át-mốt-phe
Thần_4502.jpg Thần
sỹ_4503.jpg sỹ
chạm_4504.jpg chạm
mự_4505.jpg mự
ngậy_4506.jpg ngậy
quantum_4507.jpg quantum
khát_4508.jpg khát
sể_4509.jpg sể
TRUẤT_4510.jpg TRUẤT
tuếch_4511.jpg tuếch
m_4512.jpg m
thử_4513.jpg thử
Ngưu_4514.jpg Ngưu
vất_4515.jpg vất
sưởi_4516.jpg sưởi
chinh_4517.jpg chinh
LŨ_4518.jpg LŨ
Hoài_4519.jpg Hoài
cắm_4520.jpg cắm
SUM_4521.jpg SUM
sấm_4522.jpg sấm
Roong_4523.jpg Roong
tường_4524.jpg tường
thỏi_4525.jpg thỏi
khự_4526.jpg khự
sèo_4527.jpg sèo
ngần_4528.jpg ngần
ma-dút_4529.jpg ma-dút
Thứ_4530.jpg Thứ
vi-xcô_4531.jpg vi-xcô
hoắm_4532.jpg hoắm
Triêm_4533.jpg Triêm
hoặc_4534.jpg hoặc
trây_4535.jpg trây
vợi_4536.jpg vợi
teeno_4537.jpg teeno
hò_4538.jpg hò
Dình_4539.jpg Dình
Bùng_4540.jpg Bùng
lại_4541.jpg lại
choa_4542.jpg choa
giá_4543.jpg giá
ĐŨA_4544.jpg ĐŨA
nóng_4545.jpg nóng
xuống_4546.jpg xuống
CHU_4547.jpg CHU
TRIÊM_4548.jpg TRIÊM
Ralum_4549.jpg Ralum
gama_4550.jpg gama
concerto_4551.jpg concerto
chạp_4552.jpg chạp
TUAN_4553.jpg TUAN
polivitamin_4554.jpg polivitamin
triệp_4555.jpg triệp
chọe_4556.jpg chọe
Ty_4557.jpg Ty
cành_4558.jpg cành
Le_4559.jpg Le
Gâm_4560.jpg Gâm
vùi_4561.jpg vùi
Trùm_4562.jpg Trùm
gắt_4563.jpg gắt
thõng_4564.jpg thõng
nhà_4565.jpg nhà
ma-ki-ê_4566.jpg ma-ki-ê
gọc_4567.jpg gọc
hú_4568.jpg hú
organ_4569.jpg organ
vữa_4570.jpg vữa
Kiểng_4571.jpg Kiểng
Lạc_4572.jpg Lạc
bỗm_4573.jpg bỗm
chít_4574.jpg chít
giũ_4575.jpg giũ
KIỀU_4576.jpg KIỀU
Ẩu_4577.jpg Ẩu
RỒNG_4578.jpg RỒNG
Phạm_4579.jpg Phạm
hở_4580.jpg hở
khiếu_4581.jpg khiếu
Quắc_4582.jpg Quắc
a-mi_4583.jpg a-mi
lách_4584.jpg lách
TIẾP_4585.jpg TIẾP
giũ_4586.jpg giũ
vươt_4587.jpg vươt
truột_4588.jpg truột
sững_4589.jpg sững
Hái_4590.jpg Hái
tông-đơ_4591.jpg tông-đơ
Húc_4592.jpg Húc
Lữ_4593.jpg Lữ
đun_4594.jpg đun
đoành_4595.jpg đoành
Set_4596.jpg Set
hề_4597.jpg hề
bi-tum_4598.jpg bi-tum
mắm_4599.jpg mắm
ném_4600.jpg ném
côngtơ_4601.jpg côngtơ
chọc_4602.jpg chọc
hoẳn_4603.jpg hoẳn
ngả_4604.jpg ngả
nhiều_4605.jpg nhiều
quất_4606.jpg quất
Koweit_4607.jpg Koweit
phênh_4608.jpg phênh
pop_4609.jpg pop
lĩnh_4610.jpg lĩnh
Soạn_4611.jpg Soạn
xưa_4612.jpg xưa
BÔC_4613.jpg BÔC
ĐẬU_4614.jpg ĐẬU
xim-pô-di-um_4615.jpg xim-pô-di-um
ngớp_4616.jpg ngớp
sịt_4617.jpg sịt
vồng_4618.jpg vồng
lịa_4619.jpg lịa
gieo_4620.jpg gieo
canxi_4621.jpg canxi
xui_4622.jpg xui
chụp_4623.jpg chụp
túm_4624.jpg túm
ẹc_4625.jpg ẹc
vả_4626.jpg vả
CHẮT_4627.jpg CHẮT
Tho_4628.jpg Tho
Simon_Peter_4629.jpg Simon_Peter
xuyên_4630.jpg xuyên
NHƯƠNG_4631.jpg NHƯƠNG
lọt_4632.jpg lọt
Oảnh_4633.jpg Oảnh
PHÌ_4634.jpg PHÌ
công-tôn_4635.jpg công-tôn
visa_4636.jpg visa
phẳng_4637.jpg phẳng
uy-mua_4638.jpg uy-mua
cau_4639.jpg cau
dàng_4640.jpg dàng
Hỷ_4641.jpg Hỷ
Dame_Muriel_Spark_4642.jpg Dame_Muriel_Spark
ngôn_4643.jpg ngôn
Láng_4644.jpg Láng
đĩa_4645.jpg đĩa
MƯỢN_4646.jpg MƯỢN
pug_4647.jpg pug
xồm_4648.jpg xồm
vều_4649.jpg vều
bình_4650.jpg bình
Tin_4651.jpg Tin
hồng_4652.jpg hồng
VI_4653.jpg VI
Đăk_4654.jpg Đăk
Là_4655.jpg Là
axit_4656.jpg axit
đủi_4657.jpg đủi
TỐNG_4658.jpg TỐNG
Tang_4659.jpg Tang
Tuận_4660.jpg Tuận
cừ_4661.jpg cừ
ngẫng_4662.jpg ngẫng
in-tơ-nét_4663.jpg in-tơ-nét
ngủn_4664.jpg ngủn
loại_4665.jpg loại
nhú_4666.jpg nhú
địa_4667.jpg địa
ê-phê-đrin_4668.jpg ê-phê-đrin
mi-li-mét_4669.jpg mi-li-mét
lổm_4670.jpg lổm
chưởng_4671.jpg chưởng
Mãi_4672.jpg Mãi
đãi_4673.jpg đãi
táp_4674.jpg táp
MỆ_4675.jpg MỆ
tố_4676.jpg tố
mủ_4677.jpg mủ
mỏ_4678.jpg mỏ
Swedish_4679.jpg Swedish
Ơ_4680.jpg Ơ
XUÂN_4681.jpg XUÂN
Troóc_4682.jpg Troóc
ổn_4683.jpg ổn
chai_4684.jpg chai
xeton_4685.jpg xeton
Nhơn_4686.jpg Nhơn
vẹn_4687.jpg vẹn
kiểng_4688.jpg kiểng
cacbon_4689.jpg cacbon
Din_Land_4690.jpg Din_Land
Khư_4691.jpg Khư
Thi_4692.jpg Thi
cháy_4693.jpg cháy
pint_4694.jpg pint
khách_4695.jpg khách
sụn_4696.jpg sụn
Cross_4697.jpg Cross
hin_4698.jpg hin
Rụ_4699.jpg Rụ
lô-cốt_4700.jpg lô-cốt
soát_4701.jpg soát
địu_4702.jpg địu
White_4703.jpg White
theo_4704.jpg theo
Suong_4705.jpg Suong
Linh_4706.jpg Linh
xuỵt_4707.jpg xuỵt
ngáo_4708.jpg ngáo
giôn_4709.jpg giôn
basket_4710.jpg basket
dột_4711.jpg dột
trằn_4712.jpg trằn
ĐIỂU_4713.jpg ĐIỂU
ĐỜN_4714.jpg ĐỜN
mí_4715.jpg mí
Sứ_4716.jpg Sứ
thúc_4717.jpg thúc
đem_4718.jpg đem
giao_4719.jpg giao
nổi_4720.jpg nổi
xtucô_4721.jpg xtucô
ô-xy_4722.jpg ô-xy
đẽo_4723.jpg đẽo
CHÍN_4724.jpg CHÍN
đoán_4725.jpg đoán
HƯỞNG_4726.jpg HƯỞNG
Diện_4727.jpg Diện
vẫy_4728.jpg vẫy
Quýnh_4729.jpg Quýnh
gí_4730.jpg gí
Thể_4731.jpg Thể
ô-tô-ray_4732.jpg ô-tô-ray
cạm_4733.jpg cạm
casino_4734.jpg casino
Cross_4735.jpg Cross
phẫu_4736.jpg phẫu
HÔI_4737.jpg HÔI
chuốc_4738.jpg chuốc
phẫn_4739.jpg phẫn
Ga_4740.jpg Ga
phút_4741.jpg phút
điền_4742.jpg điền
ê-tô_4743.jpg ê-tô
cốp-pha_4744.jpg cốp-pha
mililit_4745.jpg mililit
khị_4746.jpg khị
rang_4747.jpg rang
Sao_4748.jpg Sao
pecca_4749.jpg pecca
ngõ_4750.jpg ngõ
tưng_4751.jpg tưng
chục_4752.jpg chục
Cả_4753.jpg Cả
men-ton_4754.jpg men-ton
Tadzhik_4755.jpg Tadzhik
Trao_4756.jpg Trao
MÍNH_4757.jpg MÍNH
nitrat_4758.jpg nitrat
giúp_4759.jpg giúp
pluton_4760.jpg pluton
Maria_4761.jpg Maria
loga_4762.jpg loga
Ben_4763.jpg Ben
cao-đài_4764.jpg cao-đài
Hẹt_4765.jpg Hẹt
tà_4766.jpg tà
TUYỂN_4767.jpg TUYỂN
tuốc-nơ-vít_4768.jpg tuốc-nơ-vít
KHẾ_4769.jpg KHẾ
tí_4770.jpg tí
vi-nhét_4771.jpg vi-nhét
lõ_4772.jpg lõ
SỢI_4773.jpg SỢI
xạo_4774.jpg xạo
Diện_4775.jpg Diện
LIỄM_4776.jpg LIỄM
ôi_4777.jpg ôi
vector_4778.jpg vector
HÝ_4779.jpg HÝ
xẻng_4780.jpg xẻng
plát-tích_4781.jpg plát-tích
khiu_4782.jpg khiu
quetzal_4783.jpg quetzal
Xơ-lang_4784.jpg Xơ-lang
gàng_4785.jpg gàng
rụng_4786.jpg rụng
xoàng_4787.jpg xoàng
cuaroa_4788.jpg cuaroa
pu-li_4789.jpg pu-li
HỘI_4790.jpg HỘI
XÁNG_4791.jpg XÁNG
bênh_4792.jpg bênh
VẠC_4793.jpg VẠC
bẹp_4794.jpg bẹp
eE_4795.jpg eE
clo_4796.jpg clo
Tháng_4797.jpg Tháng
King_4798.jpg King
Tùng_4799.jpg Tùng
PHÚ_4800.jpg PHÚ
nghển_4801.jpg nghển
ỦY_4802.jpg ỦY
hau_4803.jpg hau
HUÂN_4804.jpg HUÂN
gm_4805.jpg gm
ĐÌNH_4806.jpg ĐÌNH
găng-xtơ_4807.jpg găng-xtơ
GIAO_4808.jpg GIAO
ệnh_4809.jpg ệnh
theta_4810.jpg theta
chinh_4811.jpg chinh
cỡn_4812.jpg cỡn
nhẹm_4813.jpg nhẹm
ngắn_4814.jpg ngắn
Bồn_4815.jpg Bồn
hấn_4816.jpg hấn
già_4817.jpg già
santonin_4818.jpg santonin
ngon_4819.jpg ngon
Phansipan_4820.jpg Phansipan
TỌNG_4821.jpg TỌNG
Edward_Thatch_4822.jpg Edward_Thatch
lẩy_4823.jpg lẩy
TRUYỀN_4824.jpg TRUYỀN
polime_4825.jpg polime
cương_4826.jpg cương
hứa_4827.jpg hứa
nỏ_4828.jpg nỏ
ngàn_4829.jpg ngàn
roi_4830.jpg roi
ga-ra_4831.jpg ga-ra
Con_4832.jpg Con
Pụt_4833.jpg Pụt
đống_4834.jpg đống
Hiền_4835.jpg Hiền
lông_4836.jpg lông
tệ_4837.jpg tệ
Nâm_4838.jpg Nâm
HỬU_4839.jpg HỬU
Miếu_4840.jpg Miếu
bốc-can_4841.jpg bốc-can
NGô_4842.jpg NGô
xoẹt_4843.jpg xoẹt
giao_4844.jpg giao
Wh_4845.jpg Wh
photphat_4846.jpg photphat
Vịnh_4847.jpg Vịnh
nghít_4848.jpg nghít
ới_4849.jpg ới
anh-te_4850.jpg anh-te
lô_4851.jpg lô
Phác_4852.jpg Phác
chủm_4853.jpg chủm
ziricon_4854.jpg ziricon
Mứn_4855.jpg Mứn
bệnh_4856.jpg bệnh
XẢO_4857.jpg XẢO
đốc_4858.jpg đốc
khẹt_4859.jpg khẹt
Phèo_4860.jpg Phèo
clo-rua_4861.jpg clo-rua
Mía_4862.jpg Mía
PHONG_4863.jpg PHONG
sun-pha-mít_4864.jpg sun-pha-mít
Man_4865.jpg Man
Bi'nh_4866.jpg Bi'nh
xe-non_4867.jpg xe-non
đầy_4868.jpg đầy
Sái_4869.jpg Sái
Stan_Laurel_4870.jpg Stan_Laurel
tờ_4871.jpg tờ
Gừng_4872.jpg Gừng
TẤT_4873.jpg TẤT
phoóc-xếp_4874.jpg phoóc-xếp
liu_4875.jpg liu
đề-xi_4876.jpg đề-xi
Kiết_4877.jpg Kiết
Khắt_4878.jpg Khắt
thầu_4879.jpg thầu
suối_4880.jpg suối
câm_4881.jpg câm
ràng_4882.jpg ràng
bậng_4883.jpg bậng
ngôn_4884.jpg ngôn
chếnh_4885.jpg chếnh
SANG_4886.jpg SANG
giũa_4887.jpg giũa
mũm_4888.jpg mũm
đười_4889.jpg đười
toạc_4890.jpg toạc
xuể_4891.jpg xuể
Uranus_4892.jpg Uranus
cuộc_4893.jpg cuộc
hi-đrô-các-bon_4894.jpg hi-đrô-các-bon
nhum_4895.jpg nhum
nghêu_4896.jpg nghêu
rough_4897.jpg rough
Tỷ_4898.jpg Tỷ
phang_4899.jpg phang
cacbonic_4900.jpg cacbonic
tiệc_4901.jpg tiệc
thoái_4902.jpg thoái
gotic_4903.jpg gotic
XÍU_4904.jpg XÍU
Maquisard_4905.jpg Maquisard
lồ_4906.jpg lồ
trưởng_4907.jpg trưởng
bẫm_4908.jpg bẫm
THUI_4909.jpg THUI
Hamlet_4910.jpg Hamlet
Lèn_4911.jpg Lèn
luống_4912.jpg luống
siễn_4913.jpg siễn
Ireland_4914.jpg Ireland
RỢT_4915.jpg RỢT
HẸ_4916.jpg HẸ
IP_4917.jpg IP
American_4918.jpg American
mèn_4919.jpg mèn
QUYỀN_4920.jpg QUYỀN
Tràm_4921.jpg Tràm
Trụ_4922.jpg Trụ
lanh_4923.jpg lanh
â_4924.jpg â
Soạn_4925.jpg Soạn
thep_4926.jpg thep
xải_4927.jpg xải
Bèo_4928.jpg Bèo
gơ_4929.jpg gơ
Gorgon_4930.jpg Gorgon
liến_4931.jpg liến
Đoán_4932.jpg Đoán
neon_4933.jpg neon
Truyện_4934.jpg Truyện
lui_4935.jpg lui
dỗ_4936.jpg dỗ
Đa-ni-ên_4937.jpg Đa-ni-ên
khỉnh_4938.jpg khỉnh
Harlan_4939.jpg Harlan
tăngsê_4940.jpg tăngsê
oxit_4941.jpg oxit
XƯƠNG_4942.jpg XƯƠNG
ơi_4943.jpg ơi
Khỏi_4944.jpg Khỏi
pheo_4945.jpg pheo
ABC_4946.jpg ABC
trỗi_4947.jpg trỗi
xốn_4948.jpg xốn
L_4949.jpg L
găn_4950.jpg găn
sỗ_4951.jpg sỗ
gôrila_4952.jpg gôrila
vanxơ_4953.jpg vanxơ
cật_4954.jpg cật
vú_4955.jpg vú
Cà_4956.jpg Cà
tong_4957.jpg tong
bảy_4958.jpg bảy
Ti-mo_4959.jpg Ti-mo
miết_4960.jpg miết
bõm_4961.jpg bõm
CHO_4962.jpg CHO
phai_4963.jpg phai
are_4964.jpg are
thiển_4965.jpg thiển
Phảng_4966.jpg Phảng
ngù_4967.jpg ngù
MUA_4968.jpg MUA
phệt_4969.jpg phệt
Lam_4970.jpg Lam
ha-fi-ni_4971.jpg ha-fi-ni
hụp_4972.jpg hụp
corp_4973.jpg corp
ngóe_4974.jpg ngóe
xi-ren_4975.jpg xi-ren
tuân_4976.jpg tuân
tía_4977.jpg tía
ắc-qui_4978.jpg ắc-qui
sậm_4979.jpg sậm
hòng_4980.jpg hòng
VẬN_4981.jpg VẬN
Khuyển_4982.jpg Khuyển
hội-nghề_4983.jpg hội-nghề
chuệnh_4984.jpg chuệnh
tampon_4985.jpg tampon
ren_4986.jpg ren
ư_4987.jpg ư
Lương_4988.jpg Lương
559_4989.jpg 559
que_4990.jpg que
Goldsmith_4991.jpg Goldsmith
Xỏ_4992.jpg Xỏ
luỵ_4993.jpg luỵ
Mũn_4994.jpg Mũn
biến_4995.jpg biến
Thiền_4996.jpg Thiền
Hồ_4997.jpg Hồ
ngoạy_4998.jpg ngoạy
MIÊU_4999.jpg MIÊU
